frequency,1019.8280973293888,1019.9060883151737,1019.9840550428979,1020.0619975095617,1020.1399157121655,1020.2178096477097,1020.2956793131948,1020.3735247056211,1020.451345821989,1020.529142659299,Max_Oxygen_LifeTime
0.2,5.3620467218285,0.0,14.47752614893695,0.0,5.004576940373267,0.53620467218285,9.830418990018917,0.0,16.801079728395965,0.0,0.45973694591830416
0.2,25.19428930007823,0.0,30.23314716009387,0.0,0.0,0.0,23.68263194207353,12.597144650039114,15.116573580046936,0.0,0.971616363897645
0.2,49.42134445368333,0.0,0.0,5.491260494853704,0.0,2.135490192443107,25.93095233680916,0.6101400549837449,0.0,17.38899156703673,0.9117780783164717
0.2,71.2315659285728,0.0,5.419793059782713,0.0,0.0,0.0,52.64941829503206,0.0,32.13163028299751,0.0,0.9391676774955388
0.2,30.15305241507576,0.0,17.338005138668564,0.0,0.0,18.09183144904545,35.429836587714014,0.0,0.0,0.0,0.8415457954533347
0.2,54.92647864467504,0.0,22.13455109561531,0.0,0.0,0.0,13.93656920835038,3.689091849269219,18.445459246346093,0.0,0.8653322467273351
0.2,20.81703796171062,0.0,22.174670872256968,0.0,0.0,0.0,34.84591137068952,0.0,4.525443035154483,0.0,0.7316352996703497
0.2,87.23421533672168,4.984812304955525,33.896723673697565,28.413430138246493,0.0,0.0,27.91494890775094,0.0,30.905836290724256,25.422542755273177,0.6677301296999959
0.2,70.6062009091943,0.0,44.68048651284952,0.0,7.170942279840046,0.0,38.06115517761256,0.0,0.0,18.20316117190165,0.7000370427067865
0.2,58.76732089325767,0.0,50.28543952722049,0.0,0.0,0.0,0.0,0.0,0.0,0.0,0.6751327152436368
0.2,85.982012890652,3.938107460640549,90.57647159473264,0.0,19.69053730320275,0.0,0.0,29.535805954804125,85.32566164721192,12.47067362536174,0.5234310677705861
0.2,29.53334228111472,0.0,64.97335301845239,0.0,31.010009395170457,5.168334899195076,122.5633704666261,0.0,25.841674495975383,0.0,0.6944522570889506
0.2,85.84334723341716,0.0,0.0,0.0,24.6402200392216,0.0,79.48458077168257,0.0,10.332995500318733,0.0,0.6630253734709786
0.2,76.05349325158365,19.01337331289591,77.78198173457419,63.95407387064988,0.0,0.0,0.0,0.0,21.60610603738172,0.0,0.79822163316433
0.2,62.93887287785476,0.0,60.12071439078664,0.0,0.0,0.0,60.12071439078664,20.666495571832908,64.81764520256685,0.0,0.7036243975064377
0.2,171.5558919562746,0.0,17.89233228991821,0.0,75.77928969847711,0.0,97.8815825271996,0.0,37.88964484923856,34.73217444513534,0.7339582087744879
0.2,213.62538361445127,0.0,96.89020131147244,0.0,112.06577501085968,0.0,67.70640573572773,0.0,47.86142474422133,40.85731380604259,0.7500676178642665
0.2,0.0,0.0,36.60459667652538,0.0,0.0,0.0,0.0,0.0,0.0,0.0,0.6612667032813783
0.2,226.04721700296133,128.29706910978888,134.40645335311214,0.0,71.78526485904852,30.546921216616397,0.0,0.0,32.07426727744722,94.69545577151084,0.5525249130712094
0.2,11.369813839805042,0.0,173.79572583701992,0.0,0.0,0.0,334.5973787142627,0.0,3.2485182399442976,0.0,0.5601010204217014
0.225,60.38047528951781,0.0,25.919423538914963,0.0,5.890778077026127,0.0,65.68217555884132,0.0,0.0,28.275734769725407,0.8247662403650454
0.225,0.0,0.0,4.632003941679959,0.0,25.654175676996697,0.0,53.089891331562605,0.0,0.0,0.0,0.7810588398643363
0.225,24.90668911552195,0.0,0.0,0.0,0.0,0.0,20.62585192379161,0.0,0.0,0.0,0.8336496532846075
0.225,71.2315659285728,0.0,5.419793059782713,0.0,0.0,0.0,52.64941829503206,0.0,32.13163028299751,0.0,0.8326921862102807
0.225,21.17255158088858,0.8821896492036909,7.4986120182313725,0.0,13.232844738055364,0.0,65.28203404107313,0.0,0.0,30.876637722129185,0.6972630871582721
0.225,34.92954846279526,0.0,46.25805066694508,0.0,0.0,25.961150884509987,54.282406394884525,1.888083700691636,0.0,12.272544054495633,0.8245197440059927
0.225,25.840406027480523,36.77288550064536,32.30050753435065,1.4907926554315685,16.89565009489111,0.0,68.07953126470831,4.969308851438562,0.0,0.0,0.8684417707442
0.225,6.936678073192165,0.0,34.683390365960825,0.0,0.0,0.0,13.339765525369549,0.0,0.0,36.28416222900517,0.7852449718092277
0.225,0.0,0.5814303819148375,0.0,0.0,16.861481075530286,0.0,33.72296215106057,0.0,11.62860763829675,12.210038020211588,0.7001181046785798
0.225,125.82049990119673,10.218923849843389,40.23701265875834,0.0,10.857606590458598,5.1094619249216935,88.13821820489922,0.0,26.185992365223683,0.0,0.8729390368811302
0.225,42.98609749857815,19.787251229504225,0.0,0.0,0.0,0.0,0.0,5.458552063311511,0.0,8.870147102881205,0.9409197834843136
0.225,113.10332631615913,0.0,30.710174695116056,0.0,77.14995106334032,0.0,97.37372464305088,29.96114604401566,65.91452129683445,54.67909153032858,0.8786739544765398
0.225,65.98068599813065,6.4371400973786,83.68282126592179,0.0,50.69247826685648,0.0,37.01355555992695,0.0,0.0,4.023212560861625,0.7488796733202973
0.25,28.187024058354883,0.0,23.83293091112933,0.0,0.0,5.270744336115142,29.332838044466875,0.6874883916671923,4.124930350003154,18.56218657501419,0.8907084191471129
0.25,14.733927038860882,0.0,12.509938051863012,0.5559972467494673,0.0,0.0,6.949965584368341,0.0,0.0,14.733927038860882,0.9102083319707164
0.25,2.706465266598683,0.0,12.179093699694072,0.0,0.0,0.0,63.263625606744206,0.0,0.0,0.0,0.9443221441693939
0.25,51.18905161998618,13.17365299043762,35.380668031461035,0.0,0.0,0.0,27.100086151757388,0.0,23.71257538278772,16.18477367396622,0.843301338754155
0.25,59.43219614508148,0.0,31.61287028993696,0.0,0.0,0.0,21.07524685995797,0.0,13.066653053173942,7.587088869584869,0.8709211639441403
0.25,42.58319837563053,9.31507464466918,26.170924001689603,0.0,0.0,0.0,51.45469803722023,0.0,12.863674509305058,0.0,0.8162583665516217
0.25,16.084884631695985,0.0,36.42753284237032,0.0,0.0,20.342648210674334,0.0,0.0,0.0,6.623187789521877,0.8839646218926953
0.25,29.759786041524784,36.02500415553,69.43950076355782,5.221015095004347,0.0,0.0,45.94493283603826,0.0,43.33442528853609,45.94493283603826,0.8620823431292292
0.25,31.33188742447801,0.0,36.36736933198341,0.0,0.0,0.0,82.8057024789776,0.0,0.0,0.0,0.920458161603352
0.25,24.22629493438821,0.0,0.0,0.0,0.0,0.0,72.07322742980492,0.0,0.0,0.0,0.8298172285604452
0.25,0.0,0.0,51.61819951727232,0.0,43.33379712561133,0.0,84.75580908391628,0.6372617224354608,35.04939473395034,0.0,0.8914172453042928
0.25,47.40595482899525,0.0,96.87303812881638,0.0,0.0,0.0,2.06112847082588,0.0,0.0,0.0,0.8738477512417712
0.25,123.12191085218392,6.675284323311176,85.29529968675392,0.0,0.0,2.2250947744370584,157.24003072688546,0.0,42.27680071430412,9.64207735589392,0.9391192474088602
0.25,14.1123217834463,0.0,34.49678658175762,0.0,0.0,0.0,40.76892959662264,0.0,29.008661443750725,0.0,0.9311141893419929
0.25,138.81342980057684,0.0,0.0,0.0,0.0,37.30610925890503,92.83148117913576,0.0,36.43852532265142,0.0,0.8825515117549522
0.25,130.19953445075743,54.096989666159786,150.37129330932552,0.0,9.168981299349117,0.0,120.11365502147342,34.842128937526645,2.750694389804735,41.26041584707102,0.9153880401320287
0.25,92.41630029667286,54.87217830114952,88.56562111764482,0.0,96.26697947570092,61.61086686444858,39.46946158503737,64.4988762487196,68.34955542774765,0.0,0.8366406301068983
0.25,70.92424065181447,0.0,99.29393691254027,0.0,0.0,0.0,0.0,0.0,0.0,0.0,0.7023520808996986
0.25,136.37686088416837,0.0,55.2001579769253,0.0,37.88246135671344,0.0,42.2118855117664,0.0,24.894188891554546,140.70628503922134,0.755610973873429
0.275,21.116129174716185,10.436707523135588,3.397997798230191,0.0,0.0,0.0,39.80511706498224,0.0,1.941713027560109,19.17441614715608,0.7349682530279553
0.275,21.511074199874688,0.0,40.075425906615855,0.0,0.0,0.0,42.13813165180932,0.0,37.71804791210904,5.3041004876403335,0.7725901930008846
0.275,17.619384714019816,1.016502964270374,29.47858596384085,0.0,2.3718402499642064,0.0,31.511591892381595,0.0,0.0,0.0,0.7802447031227839
0.275,50.0538194146203,0.0,29.80303751404873,0.0,0.0,0.0,61.89861637533197,0.0,22.161233023267,0.0,0.7744336608163489
0.275,61.90348001911701,0.0,17.19541111642139,0.0,0.0,0.0,73.94026780061198,0.0,0.0,0.0,0.8173128926325012
0.275,8.290859422961605,0.0,62.18144567221203,0.0,46.98153673011576,0.0,0.0,0.0,0.9212066025512894,8.75146272423725,0.7840962965634557
0.275,22.830429805678477,0.0,28.2898804113842,0.0,0.0,0.0,27.29725302852861,0.0,0.0,26.304625645673024,0.80167380927598
0.275,48.62066440135811,0.0,0.0,0.0,0.0,0.0,68.27582660616247,0.0,0.0,0.0,0.7916037598162216
0.275,42.7599687560101,0.0,9.867685097540791,0.0,0.0,0.0,62.49533895109169,16.99434655687581,0.0,0.0,0.766825166377979
0.275,34.38932405769476,0.0,42.23250322874794,0.0,22.92621603846317,0.0,50.07568239980114,0.0,26.546144886641567,0.0,0.8298172285604452
0.275,46.44010533743985,1.255137982092969,33.26115652546368,0.0,3.1378449552324224,0.0,45.812536346393365,0.0,0.0,25.10275964185938,0.8419934897076728
0.275,37.88743876306557,14.62322197872706,41.21089830368536,0.0,0.0,0.0,49.18720120117284,0.0,7.311610989363531,30.57582777370204,0.7573560230931569
0.275,65.71817539861946,0.0,33.919058270255206,0.0,0.0,0.0,56.53176378375868,0.0,30.38582303377029,29.679175986473307,0.8159663184531726
0.275,69.46865062571263,29.87898951643554,0.7469747379108885,0.0,0.0,0.0,76.93839800482152,0.0,0.0,0.0,0.8465959102028908
0.275,81.81405267674174,0.0,17.01084263575818,0.0,0.0,0.0,0.0,0.0,44.55220690317618,16.200802510245886,0.8661823154686811
0.275,38.57885254762965,0.0,77.1577050952593,0.0,6.85846267513416,0.0,172.31887471274575,0.0,0.0,39.43616038202142,0.8753687785904483
0.275,2.6863125886143067,0.0,0.0,0.0,9.849812824919123,0.0,134.31562943071535,2.6863125886143067,17.013313061223943,0.0,0.8164756490907241
0.275,123.41554880998166,0.0,0.0,0.0,0.0,0.0,85.73141176876588,0.0,0.0,54.64199870976287,0.8361569321063043
0.275,127.07943021659852,2.033270883465576,135.2125137504608,0.0,5.08317720866394,0.0,134.19587830872803,0.0,0.0,0.0,0.7819711433974208
0.275,104.82338952210782,6.352932698309563,93.1763462418736,0.0,0.0,32.823485607932746,61.41168275032579,22.235264444083477,1.0588221163849274,0.0,0.8320106428086772
0.275,0.0,0.0,0.0,0.0,0.0,0.0,58.06342764279531,0.0,7.816230644222446,0.0,0.8289673586522995
0.275,224.95650819285376,0.0,109.5643096897837,2.331155525314547,0.0,0.0,199.31379741439372,0.0,0.0,0.0,0.8365105221819555
0.275,0.0,0.0,0.0,0.0,7.354766065420279,0.0,0.0,0.0,0.0,0.0,0.773445122916722
0.30000000000000004,28.92760673300044,0.0,3.719263722814342,0.0,0.0,0.0,11.571042693200177,0.0,0.0,0.0,0.7407217240849905
0.30000000000000004,12.872496619807087,2.738829068044061,7.120955576914559,0.0,0.0,0.0,32.865948816528736,0.0,0.0,0.0,0.867026873689901
0.30000000000000004,38.01221129480658,0.0,12.885495354171724,0.0,0.0,0.0,38.33434867866088,0.0,0.0,22.54961686980052,0.8479892845776956
0.30000000000000004,24.071026035612327,6.564825282439726,0.0,0.0,0.0,0.0,37.93010163187397,0.0,0.0,7.294250313821917,0.8758760872989872
0.30000000000000004,73.67880269646366,0.0,57.58802969378769,0.0,2.117206974036312,0.0,58.858353878209485,0.0,24.13615950401396,16.090773002675974,0.797632544766235
0.30000000000000004,43.23116918405192,0.0,44.160871747149805,0.0,0.0,16.26979485421309,73.9113537662823,0.0,0.0,0.4648512815489453,0.7840962965634557
0.30000000000000004,51.76197376020579,0.0,11.610162338737746,0.0,0.0,0.0,89.0112445969894,0.0,0.0,82.23864989939239,0.8105519957228438
0.30000000000000004,4.7416494177801845,38.46004527755039,0.0,0.0,0.0,0.0,53.21184346619985,0.0,22.654547218283103,11.063848641487098,0.77806321886658
0.30000000000000004,112.58071122233297,0.0,45.14375053964836,0.0,24.52253115733985,0.0,25.079861410915758,0.0,0.0,37.89845724316158,0.6703456165782044
0.30000000000000004,48.54831394380064,0.0,47.9562613347299,0.0,0.0,0.0,46.180103507517686,0.0,50.9165243800836,53.8767874254373,0.7814791732500574
0.30000000000000004,36.69624509646204,0.0,41.67200714343994,0.0,33.58639381710085,0.0,26.74472100250623,0.0,4.353791791105666,19.90304818791161,0.804430205528871
0.30000000000000004,102.03908168828886,0.0,31.345338819278275,0.0,0.0,3.3346105126891783,122.71366686696176,0.0,52.68684610048902,0.0,0.8523502692667881
0.30000000000000004,40.955604821146,0.0,49.57783741507148,0.0,38.08152728983751,0.0,17.962984570678074,23.71113963329505,0.0,27.30373654743067,0.8192687141174579
0.30000000000000004,51.78240329263208,0.0,43.64516848950418,0.0,0.0,0.0,99.86606349293328,0.0,16.274469606255796,16.274469606255796,0.7077329333746215
0.30000000000000004,87.35598336885899,0.0,42.08970107772297,0.0,73.06136790850024,0.0,0.7941453033532636,0.0,0.0,69.8847866950872,0.7396000724320938
0.30000000000000004,135.20488535711104,0.0,0.0,0.0,29.210932021598065,25.03794173279834,132.7010911838312,0.0,0.0,0.0,0.8241658209092182
0.30000000000000004,115.66866890028376,0.0,129.6891136154697,0.0,55.20550106604453,0.0,207.67783734369127,63.092001218336605,61.33944562893837,59.58689003954012,0.8088869096929134
0.30000000000000004,42.562042516875685,26.83259202150858,0.0,0.0,0.0,18.50523587690247,103.62932091065385,28.683115609198836,35.159948166114695,41.63678072303056,0.7500953902929088
0.30000000000000004,22.581869442372177,0.0,53.01830216904772,0.0,0.9818204105379208,0.0,153.16398404391563,0.0,3.927281642151683,54.00012257958564,0.8399572348441947
0.30000000000000004,193.23867258394384,0.0,126.42742940332496,0.0,0.0,40.08674590837133,148.01260027706337,0.0,33.91955423016036,0.0,0.7962337857581046
0.30000000000000004,48.12991786732288,0.0,59.89500890155736,0.0,0.0,0.0,93.05117454349087,0.0,0.0,117.6509103423448,0.8213576247342389
0.30000000000000004,123.82201287071103,0.0,0.0,0.0,50.65445981074543,0.0,0.0,0.0,0.0,34.895294536291296,0.7957711616736298
0.30000000000000004,174.11649335979175,0.0,60.7654876154978,0.0,0.0,0.0,73.61972538031463,0.0,149.57658489968688,142.56518248251405,0.8035843122847343
0.30000000000000004,64.35743048752038,0.0,47.030429971649504,0.0,0.0,0.0,144.80421859692083,0.0,0.0,0.0,0.7433503506397324
0.30000000000000004,137.79459283663743,0.0,65.61647277935116,0.0,18.372612378218324,0.0,61.67948441259008,0.0,10.498635644696185,0.0,0.7786844305942255
0.30000000000000004,148.65277643027986,0.0,130.9235462138245,0.0,8.182721638364029,16.365443276728058,113.19431599736907,0.0,36.82224737263813,240.02650139201157,0.8174794864497246
0.30000000000000004,82.00636737580822,19.79464040105716,32.51976637316533,0.0,0.0,0.0,172.49615206635522,7.069514428948985,0.0,117.35393952055315,0.8171196267616777
0.325,36.921968753854856,0.0,15.176514763854447,0.0,0.0,0.0,26.502272050312992,0.0,19.706817678437865,0.0,0.6904838691894314
0.325,44.22995244099801,3.3625110042863984,27.676052112203436,0.0,0.0,6.725022008572797,26.900088034291187,0.0,0.0,20.692375410993225,0.7902560967884147
0.325,13.584943982011186,0.0,5.491785865068353,0.0,2.8904136131938696,0.0,13.584943982011186,0.0,0.0,6.358909949026514,0.7698843571903901
0.325,30.317526329452303,5.85679485909874,13.09165909680895,0.0,36.17432118855105,12.402624407503216,21.704592713130623,6.890346893057342,11.369072373544611,0.0,0.8540364758011214
0.325,32.981597745598926,0.0,24.101936814091523,0.0,0.0,0.0,54.9693295759982,0.0,4.2284099673844775,10.993865915199642,0.911080856110562
0.325,0.0,0.0,80.5339121371591,0.0,0.0,0.0,14.896446175659488,4.189625486904231,0.0,0.0,0.8393893428768292
0.325,23.160516591119737,0.0,42.20360801048486,0.0,80.80446899568442,0.0,85.43657231390836,0.0,45.29167688930082,54.55588352574871,0.853862127489083
0.325,98.8529779563264,0.0,43.99500667287055,0.0,0.0,0.0,70.06612173827531,0.0,0.0,17.38074337693651,0.7881536447098433
0.325,47.21264434210488,0.0,65.28168106562651,0.0,46.04690003736155,0.0,53.6242380181932,0.0,29.143607618583264,84.51646209389145,0.8422857745123126
0.325,101.18088740652084,0.0,81.79293293341506,0.0,0.0,26.658437400520462,120.56884187962665,0.0,11.511597968406564,41.19940325534981,0.8507270960130764
0.325,9.743212362270247,0.0,0.0,0.0,1.9486424724540496,0.0,99.38076609515652,0.0,0.0,0.0,0.7855066817485893
0.325,52.21153944770196,0.0,27.15000051280502,0.0,0.0,0.0,60.56538575933427,9.7461540302377,0.0,0.0,0.7770964449164884
0.325,28.32577183407169,0.0,0.0,0.0,0.0,0.0,101.6822578658984,0.0,0.0,14.526036837985483,0.7981384129485255
0.325,76.6173342506154,0.0,124.79936919172408,0.0,0.0,0.0,84.51602850325617,0.7898694252640763,55.29085976848535,54.50099034322128,0.786338007417429
0.325,109.83471631523456,0.0,83.44032712320146,0.0,0.0,0.0,80.03459948551975,0.0,4.257159547102114,49.38305074638453,0.8731201779845464
0.325,68.50540505044641,0.0,18.268108013452373,0.0,27.40216202017856,0.0,9.134054006726188,0.0,9.134054006726188,0.0,0.8598952948851466
0.325,59.94364478461623,6.660404976068471,64.70107691037943,0.0,43.76837555702138,0.0,137.9655316471326,0.0,39.01094343125818,11.417837101831662,0.7899872613901785
0.325,10.00064509327769,89.00574133017145,93.00599936748252,0.0,19.00122567722761,0.0,215.01386950547032,48.00309644773291,0.0,17.001096658572074,0.9136288311130605
0.325,178.9471724713531,0.0,60.71421923135195,0.0,0.0,0.0,167.23039332144307,18.10774959531549,57.5187340086492,113.9723062763975,0.8563762312848724
0.325,126.65855837767252,94.15326463473002,56.04360990162502,98.63675342686004,144.59251354619252,0.0,132.26291936783502,0.0,81.82367045637251,115.44983639734753,1.0
0.325,223.81911696266215,0.0,7.181362041582744,37.103703881510846,0.0,0.0,0.0,43.08817224949647,0.0,106.52353695014403,0.8517081958335102
0.325,126.06687056409054,0.0,150.01957597126773,0.0,0.0,0.0,204.22833031382663,1.2606687056409054,27.73471152409992,50.42674822563621,0.8584751997628941
0.35000000000000003,19.564676395454285,0.0,11.437810815804044,0.0,0.0,0.0,14.748756051957848,0.0,0.0,0.0,0.8523549816245227
0.35000000000000003,24.334135706663748,0.0,37.51512588110661,0.0,25.68603213481173,0.0,0.0,0.0,6.421508033702933,0.0,0.7463067162827757
0.35000000000000003,61.68866007304746,0.0,15.138321490318392,0.0,0.0,13.246031304028596,32.168933166926585,0.0,0.0,17.030611676608192,0.6192042971891081
0.35000000000000003,100.31969732713704,2.0144517535569686,12.489600872053206,0.0,0.0,0.0,72.11737277733947,5.640464909959512,0.0,7.252026312805087,0.5540864987958815
0.35000000000000003,45.788768700128514,31.42366479420584,21.09874636182392,0.0,1.7956379882403335,0.0,44.44204020894826,0.0,6.733642455901252,43.54422121482809,0.7302500020489329
0.35000000000000003,19.42286022533032,0.0,58.74230897416974,0.0,0.9474565963575764,0.0,47.37282981787882,1.8949131927151528,0.0,0.0,0.6804298684094228
0.35000000000000003,11.455541185034706,0.0,0.0,0.0,0.0,0.0,55.28543789299359,0.0,0.0,57.77577293321852,0.8338688810904584
0.35000000000000003,23.84055436527728,0.0,0.0,0.0,10.066011843117074,0.0,13.774542522160203,0.0,41.32362756648062,10.595801940123234,0.7947853517880402
0.35000000000000003,7.312760393944527,16.31308087879933,0.0,0.0,25.31340136365413,0.0,83.81548451521034,0.0,0.0,0.0,0.872504444314464
0.35000000000000003,55.950754243055904,0.0,28.276187628211048,0.0,0.0,0.0,43.31671296236586,0.0,0.0,0.0,0.8146116015808736
0.35000000000000003,95.3145423095476,0.0,0.0,0.0,0.0,0.0,57.57254233462607,0.0,0.0,12.154203381754392,0.8459107878036762
0.35000000000000003,61.143174643087534,0.0,12.366035321073882,0.0,39.1591118500673,0.0,79.69222762469836,0.0,0.0,0.0,0.8494062754673287
0.35000000000000003,16.52420906736529,0.0,45.81712514133103,0.0,0.0,0.0,96.14085275557989,0.0,0.0,0.0,0.794213019500791
0.35000000000000003,91.6433064664588,0.0,23.700855120635893,0.0,0.0,0.0,37.13133968899624,53.72193827344135,59.25213780158974,18.17065559248752,0.9166130334041646
0.35000000000000003,45.994864142745406,23.88194868950242,56.60906356030203,0.0,8.845166181297193,0.0,129.13942624693902,0.0,0.0,0.0,0.8443615931248561
0.35000000000000003,94.27965507940452,0.0,74.07687184810356,0.0,2.8861118901858527,0.0,87.5453940023042,0.0,30.785193495315767,166.43245233405085,0.5672028010280062
0.35000000000000003,142.11657172681774,0.0,100.92336253063868,0.0,31.924737127038767,0.0,137.9972508071998,0.0,0.0,0.0,0.5053471891170971
0.35000000000000003,24.308736309768477,0.0,101.6547154772136,0.0,46.40758750046708,0.0,158.00678601349506,0.0,39.777932143257495,20.99390863116368,0.582362436670972
0.35000000000000003,154.2227978534352,0.0,173.1846172616445,0.0,0.0,0.0,0.0,5.056485175522466,55.621336930747134,0.0,0.6153543183338227
0.35000000000000003,0.0,0.0,29.916332084622724,0.0,0.0,50.31383123322912,168.6193262951463,0.0,0.0,35.35566519091776,0.6006659417228113
0.35000000000000003,192.3564807886928,0.0,81.82327914145888,0.0,0.0,0.0,58.85534113683884,0.0,0.0,124.88816290012144,0.6004280235961192
0.35000000000000003,145.82310037430724,0.0,61.151622737612726,0.0,58.01564208440181,0.0,308.8940943412745,0.0,0.0,26.655835552292725,0.5690224900158267
0.375,21.99695379569022,0.0,3.3328717872257907,0.0,0.0,0.0,0.0,0.0,0.0,0.0,0.45973694591830416
0.375,35.393816430226174,0.0,3.012239696189462,0.0,0.0,0.0,0.0,4.518359544284193,0.0,28.61627711379989,0.5843958185975948
0.375,21.14976654688912,0.0,0.0,0.0,0.0,0.0,13.8286935114275,0.0,0.0,0.0,0.5565096326650063
0.375,66.07739011839631,0.0,49.33175015688491,0.0,0.0,0.0,28.0602615571272,9.504282140317278,0.0,0.0,0.45284481909635943
0.375,0.0,1.442989749904242,26.935808664879183,1.442989749904242,0.0,0.0,39.441719830715954,0.0,0.0,21.64484624856363,0.5545697635220345
0.375,56.066523033161225,5.763848162287603,18.33951688000601,0.0,0.0,0.0,90.12562581031524,0.0,0.0,60.25841260573403,0.47333689335885143
0.375,10.320431185297286,0.0,0.0,0.0,0.0,0.0,85.82253301457742,0.0,0.0,35.84991885419057,0.6010148331222689
0.375,30.16543675288803,0.0,31.97536295806131,0.0,27.752201812656985,0.0,64.55403465118037,0.0,0.0,0.0,0.45973694591830416
0.375,65.52077910844555,0.0,68.04080907415499,0.0,44.10052439991528,22.680269691385,0.0,0.0,7.560089897128333,0.0,0.5700746016935583
0.375,138.56760938974662,0.0,104.6049600295146,0.0,0.0,0.0,16.302071692911365,0.0,8.151035846455683,71.32156365648723,0.5375525654655853
0.375,10.345347805577422,29.558136587364057,26.60232292862765,0.0,58.37731976004402,0.0,155.9191704983454,0.0,0.0,87.19650293272397,0.5236081754723285
0.375,96.76495710712628,0.0,19.509063932888367,0.0,52.28429134014082,0.0,109.25075802417484,0.0,0.0,89.74169409128648,0.6013944016440795
0.375,56.76481948098287,10.166833339877527,26.264319461350283,0.0,0.0,36.43115280122781,144.87737509325478,0.0,26.264319461350283,79.6401944957073,0.5569846167761031
0.375,95.73499752840048,7.225282832332112,87.60655434202685,0.0,11.741084602539685,0.0,109.2824028390232,0.0,0.0,23.48216920507937,0.6178536516632939
0.375,106.57655666638937,0.0,35.199596697156124,0.0,15.644265198736056,0.0,187.73118238483264,0.0,73.33249311907527,15.644265198736056,0.6236118095029126
0.375,14.955107105197046,0.0,0.0,0.0,0.0,0.0,73.70731358989973,0.0,0.0,39.52421163516362,0.6901408819186805
0.375,271.7455489573055,0.0,20.99321837438412,0.0,0.0,0.0,0.0,0.0,0.0,0.0,0.7005711035186568
0.4,57.45768465751335,0.0,33.071574308685015,0.0,0.0,0.0,48.10410808536002,0.0,25.722335573421677,3.006506755335001,0.9743644205180163
0.4,59.2165037720118,0.0,37.0580701024848,0.0,1.9102097990971547,0.0,10.697174874944068,0.0,43.93482537923456,0.0,0.7248558477265435
0.4,0.0,28.361835345323037,0.8594495559188798,0.0,0.0,37.38605568247127,1.7188991118377597,20.62678934205311,0.0,48.12917513145727,0.8291139271257634
0.4,39.14306776089867,23.76543399768848,21.90147839002664,0.0,0.0,0.0,10.251755842140128,0.0,13.51367815554835,0.0,0.8373113939085657
0.4,74.69877860845143,0.0,0.0,0.0,49.79918573896763,0.0,20.32619826080311,0.0,29.472987478164512,0.0,0.9038360119441948
0.4,68.65769996614215,0.0,17.164424991535537,0.0,54.17521637953404,2.681941404927428,5.363882809854855,0.0,0.0,12.336930462666167,0.8914680187822625
0.4,20.8180118038501,16.19178695855008,15.035230747225071,0.0,1.7348343169875082,0.0,99.46383417395047,0.0,0.0,9.830727796262549,0.8359040809206278
0.4,0.0,0.0,3.1438100438521825,0.0,0.0,0.0,66.64877292966628,0.0,12.57524017540873,55.95981878056885,0.8708120897313306
0.4,118.01198903487769,0.0,46.5491734526462,0.0,0.0,0.0,117.3563668735728,0.0,66.21783829179248,0.0,0.8537678237425901
0.4,68.87685732363086,0.0,20.381927167196885,0.0,2.8113002989237086,0.0,103.31528598544628,0.0,80.82488359405662,77.31075822040198,0.8770497712764139
0.4,73.08343518486953,0.0,56.58072401409254,0.0,0.0,0.0,84.87108602113881,0.0,0.0,0.0,0.8785762174611224
0.4,221.8014846028887,0.0,0.0,0.0,0.0,0.0,121.82278510385932,55.45037115072218,49.56927118019104,61.33147112125332,0.8372462050235656
0.4,131.58158215232933,0.0,162.43519451908244,0.0,59.89230635899129,68.05943904430829,62.614683920763625,0.0,47.18787773738708,114.33985759443792,0.8939331446856179
0.4,165.86434161473613,0.0,10.669636010304664,0.0,3.8798676401107866,0.0,198.84321655567783,0.0,0.0,22.309238930637022,0.8182358075795448
0.4,117.18039933922046,0.0,62.219681065072805,0.0,31.109840532536403,0.0,51.84973422089401,0.0,0.0,51.84973422089401,0.8137164261077712
0.4,93.5856678432286,0.0,79.1021716293956,0.0,0.0,0.0,7.798805653602383,0.0,0.0,86.90097728299799,0.7949590313398263
0.4,97.00900995063188,14.371705177871393,100.60193624509976,0.0,0.0,27.545768257586836,114.97364142297111,0.0,149.7052622694937,239.52841963118988,0.7857342037393725
0.42500000000000004,21.547951628972523,0.0,30.036538634325336,0.0,0.0,0.0,38.525125639678144,0.0,12.079912276848232,0.0,0.8050210241815935
0.42500000000000004,26.60885180671629,10.956586038059651,34.0436780468282,0.0,0.0,0.0,50.869863748134094,10.956586038059651,27.39146509514913,30.913224893096874,0.7768435192056238
0.42500000000000004,66.65139337672662,0.0,20.121175359011808,0.0,5.868676146378444,0.0,56.59080569722071,0.0,0.0,51.14132070415501,0.7826324058125824
0.42500000000000004,55.10862574710598,0.0,30.30974416090829,0.0,10.562486601528647,0.0,86.79608555169193,0.0,0.0,0.0,0.8461608306977746
0.42500000000000004,74.2702578088979,0.0,0.0,0.0,0.0,0.0,4.069603167610843,0.0,0.0,49.85263880323284,0.7824619773550663
0.42500000000000004,25.55965025019512,0.0,0.0,0.0,0.0,0.0,47.85636642589725,0.0,7.069690494734821,10.332624569227816,0.9110407803032047
0.42500000000000004,82.5777436551445,0.0,16.746535426567768,0.0,0.0,0.0,27.718403464663886,0.0,0.0,0.0,0.7947839548334689
0.42500000000000004,58.52460817315775,0.0,0.0,0.0,20.117834059522977,17.679308718974738,101.80843296788902,0.0,12.1926267027412,39.626036783908894,0.852644416160131
0.42500000000000004,0.0,0.0,13.089474704807229,0.0,0.0,1.308947470480723,0.0,0.0,0.0,0.0,0.7565355482554537
0.42500000000000004,61.86882056689948,0.0,32.67229850162107,2.0854658618056003,0.0,22.24496919259307,88.97987677037229,37.5383855125008,0.0,105.66360366481707,0.8616430387169728
0.42500000000000004,69.1582664584297,3.006881150366509,72.1651476087962,0.0,0.0,0.0,0.0,0.0,0.0,67.65482588324645,0.8594104259235139
0.42500000000000004,108.22887381435092,0.0,80.35173965004843,0.0,0.0,0.0,50.01485835360157,0.0,31.976712717876413,64.7733411464676,0.8319714442634475
0.42500000000000004,198.93309719179413,0.0,14.963994036550885,0.0,0.0,0.0,128.5143017256723,0.0,88.90372927597879,38.730337506367,0.8606791711072438
0.42500000000000004,0.9362098719770904,13.106938207679269,0.0,0.0,13.106938207679269,0.0,65.53469103839633,0.0,0.0,0.0,0.8722505059127653
0.42500000000000004,59.632003733362055,0.0,164.74604421250874,0.0,0.0,0.0,191.0245543322954,0.0,21.224950481366157,56.59986795030975,0.8111144096326467
0.42500000000000004,143.5905541356149,0.0,35.62773147725783,0.0,46.42401374309353,4.318512906334282,0.0,0.0,7.557397586084995,1.0796282265835706,0.8369905623372914
0.42500000000000004,34.83255406419222,0.0,0.0,0.0,0.0,0.0,119.59176895372664,145.1356419341343,0.0,74.30944867027675,0.9003047343044643
0.42500000000000004,108.42076093993742,0.0,45.385434812066826,34.03907610905012,121.02782616551154,0.0,152.54548922944684,0.0,7.564239135344471,138.6777174813153,0.8910419476384728
0.42500000000000004,128.23832018380358,0.0,184.3425852642177,0.0,0.0,0.0,48.08937006892634,0.0,0.0,0.0,0.8319100900187415
0.42500000000000004,235.7075234175373,0.0,42.72198861942864,0.0,0.0,0.0,172.36112649907415,92.80983734565532,44.19516064078824,176.78064256315295,0.8515332226171272
0.42500000000000004,0.0,0.0,0.0,0.0,0.0,0.0,308.17219972997,0.0,100.59507037817674,14.370724339739535,0.833292264809196
0.45,0.0,2.7191089617740607,12.575878948205077,0.0,20.90315014363816,5.098329303326382,27.361033927851587,0.0,23.96214772563401,0.0,0.8511489064454287
0.45,0.0,0.0,0.0,0.0,7.167358546895867,0.0,0.0,0.0,16.59809347702203,19.615928654662387,0.930240492867139
0.45,0.0,2.9705521639809005,3.19905617659482,11.653704643309732,48.214346661536254,35.646625967770866,0.0,0.0,41.13072227050488,19.194337059568934,0.7871852803205086
0.45,0.0,0.0,47.096025905689096,33.74405979840611,0.0,15.77959630860717,0.0,0.0,41.998002482908326,0.0,0.8766407429783756
0.45,0.0,39.63729647965252,0.0,0.0,68.02996984451002,3.654502512308382,0.0,2.8111557786987618,53.130844217406604,24.457055274679224,0.8629169914369046
0.45,0.0,0.0,24.888548419447737,0.0,36.14765365681696,5.925844861773272,60.73990983317604,0.0,54.517772728314114,0.0,0.8997764060861648
0.45,0.0,0.0,1.3028645749196484,0.0,111.72063729936023,0.0,20.520117054984528,0.0,99.34342383762356,0.0,0.9268319237168208
0.45,0.0,17.911384677149183,49.16850695688017,0.0,2.4584253478439937,0.0,0.0,0.0,21.42342088835496,0.0,0.8323165618899174
0.45,0.0,35.95669599053618,0.0,0.0,96.27115378111304,0.0,107.48345683192538,0.0,148.07972649865982,0.0,0.7962666824138577
0.45,0.0,4.219168247982911,30.799928210275265,32.48759550946843,34.597179633459845,0.0,16.45475616713335,0.0,51.89576945018982,0.0,0.8382227600851322
0.45,0.0,0.0,26.59130752057514,0.0,70.44363922117269,0.0,33.12250585896199,0.0,108.23128675041104,3.265599169193437,0.8352138456676882
0.45,0.0,0.0,88.23382112371988,23.59741727727396,200.5780468568283,0.0,50.7857458793504,0.0,150.3052883095926,0.0,0.8194193883673982
0.45,4.436250995295096,18.85406673000409,34.380945213536975,29.9446942182419,41.58985308089149,13.86328436029716,21.62672360206357,0.0,136.41471810532414,0.0,0.8533218692787569
0.45,0.0,77.45488733194321,89.98435440034585,0.0,181.67727249183744,0.0,50.68738950399227,0.0,130.98988298784522,0.0,0.8158148264909361
0.45,0.0,0.0,37.47164944890222,51.83578173764815,0.0,3.747164944890187,0.0,0.0,29.35279206830676,0.0,0.726130259292322
0.45,56.6518903704951,0.0,186.61799180868977,0.0,235.27196824452676,56.6518903704951,85.97757479757493,0.0,201.94732685011783,5.33194262310542,0.7758196920968995
0.45,0.0,94.00454223014384,0.0,122.76712604682974,193.62129593671423,23.150372340259292,167.6648178582417,0.0,107.33354448665683,0.0,0.8019852126575849
0.45,0.0,0.0,42.95872713930316,128.09511365174038,226.509652189053,76.54464108457651,151.5271466368147,0.0,237.44460091542112,0.0,0.8691078051561709
0.45,0.0,81.63863319270979,46.179428876684376,0.0,13.194122536195543,0.0,67.61987799800211,0.0,169.0496949950053,122.04563345980868,0.7500379633126585
0.45,23.370176471409444,52.13347059006724,15.280500000536982,33.25755882469811,111.45776470979898,0.0,126.73826471033594,0.0,207.63502941906108,26.96558823624169,0.7778348447335088
0.45,0.0,30.96934237033852,174.82693273578224,0.0,377.62617470928967,122.8783584371498,0.0,0.0,240.76166165327732,0.0,0.7778092804648814
0.45,0.0,0.0,0.0,0.0,0.0,0.0,94.9463605246292,0.0,231.07427501174823,102.95388490622445,0.8031025678448216
0.45,0.0,11.896582217258564,0.0,0.0,233.96611693942063,66.09212342921487,122.93134957833963,0.0,421.6677474783909,0.0,0.729228648649962
0.45,15.363352677242071,278.07668345808145,345.67543523794666,0.0,422.492198624157,90.6437807957282,218.15960801683744,0.0,600.7070896801652,26.117699551311524,0.7190216883293316
0.45,0.0,0.0,105.0717965970473,0.0,231.15795251350409,0.0,3.502393219901595,0.0,0.0,197.88521692443908,0.7524188488641564
0.45,23.0063551798428,0.0,504.2226176915549,107.3629908392666,563.6557019061488,170.63046758383413,471.6302811867776,0.0,362.3500940825244,170.63046758383413,0.9187355494140683
0.45,0.0,336.8971824056246,158.76763768540945,67.76667462182108,683.4753183286525,0.0,185.8743075341378,0.0,573.1124482302583,27.10666984872844,0.7704084246972513
0.45,0.0,0.0,376.5463806824313,0.0,657.4296268131096,46.81387435511302,32.566173464426484,0.0,242.21091514167213,0.0,0.7883502805622419
0.45,0.0,161.03721962117015,173.2678945291073,0.0,585.0339497629859,0.0,132.49897816931738,0.0,407.6891635978998,0.0,0.7915159891606007
0.47500000000000003,0.0,10.306937713397122,9.29314056125971,0.0,6.082782912824539,0.0,9.124174369236805,0.0,0.0,0.0,0.768295111824054
0.47500000000000003,0.0,0.0,0.0,0.0,47.451347939312015,0.3650103687639308,0.0,0.0,12.045342169209988,0.0,0.7754786713083507
0.47500000000000003,0.0,28.78840868685228,0.0,8.467179025544793,24.97817812535713,30.90520344323848,0.0,0.0,25.18985760099577,0.2116794756386199,0.7255601761019314
0.47500000000000003,0.0,16.85853324523276,0.0,30.90731094959344,29.374717018208617,0.0,0.0,0.0,19.66828878610491,0.0,0.717434999389859
0.47500000000000003,0.0,59.86440170844975,27.520601733268386,0.0,96.46396483826028,0.0,40.004173653513824,0.0,79.44091221974378,0.0,0.6477553245344658
0.47500000000000003,0.0,0.0,45.557093321186045,0.0,61.91092169289385,27.74310170200432,0.0,0.0,24.530742557561734,0.0,0.6307757807813782
0.47500000000000003,0.0,2.606456941241618,87.64211464924972,66.79045911931672,85.0356577080081,16.29035588276017,21.503269765243427,0.0,138.79383212111668,48.21945341297011,0.6686732873388289
0.47500000000000003,42.04386548740617,9.459869734666398,12.262794100493467,0.0,84.08773097481235,24.175222655258548,29.781071386912718,0.0,15.065718466320584,0.0,0.505916240766824
0.47500000000000003,0.0,41.457795330601805,36.46750515191826,15.354739011334004,119.76696428840522,87.13814388932046,51.05450721268557,0.0,114.00893715915498,27.638530220401208,0.6571459325435947
0.47500000000000003,8.73408021058399,0.0,0.0,0.0,85.67716778001446,0.0,0.0,0.0,46.581761123114674,0.0,0.6287988106741926
0.47500000000000003,0.0,67.4513850064274,6.569940098028646,0.0,30.65972045746702,71.83134507177986,0.0,0.0,95.483129424683,118.25892176451563,0.613993447100558
0.47500000000000003,0.0,45.456784075231305,0.0,34.67837135636204,52.954810314444686,0.0,14.52742583847598,0.0,122.7801796671196,40.30189103577208,0.6615174224788783
0.47500000000000003,0.0,55.31408391563378,68.73983243884591,0.0,21.48119763713934,0.0,0.0,0.0,75.72122167091621,13.962778464140571,0.6553329998267687
0.47500000000000003,0.0,20.521224462791288,49.02292510555705,0.0,31.3518707070423,33.63200675846355,80.37479581259934,0.0,133.95799302099894,10.830646244250978,0.5574616460286904
0.47500000000000003,0.0,10.294171063294067,0.0,0.0,49.04869741922461,0.0,49.04869741922459,0.0,36.33236845868488,30.27697371557074,0.6074360417691748
0.47500000000000003,85.59452445406316,14.475544576790076,69.23086536725697,45.31474824038639,208.95133910844828,147.9023032845944,83.07703844070836,0.0,0.0,24.545488630209288,0.49595810599416723
0.47500000000000003,0.0,10.092921082529912,56.520358062167496,0.0,177.63541105252648,0.0,57.8660808731715,0.0,176.9625496470245,29.605901842087743,0.6478371301940737
0.47500000000000003,0.0,0.0,56.600739244193406,0.0,215.6559811709141,0.0,115.35087364955872,0.0,98.8721774139075,0.0,0.6524151794198672
0.47500000000000003,0.0,0.0,0.0,0.0,215.03342908544008,0.0,0.0,0.0,60.20936014392324,0.0,0.6789738412873781
0.47500000000000003,1.698339399761219,20.38007279713463,144.3588489797041,28.022600096060312,125.67711558233064,0.0,171.5322793758837,0.0,282.773510060244,20.380072797134705,0.6639153508761279
0.47500000000000003,0.0,0.0,21.62968277505614,0.0,251.44506226002775,137.88922769098295,0.0,0.0,123.4694391742789,0.0,0.6366928133571066
0.47500000000000003,0.0,0.0,160.09596302854828,0.0,284.72156299089124,0.0,87.23791997364006,0.0,63.27145844242035,0.0,0.6403723637548756
0.47500000000000003,137.8567561380172,0.0,0.0,0.0,217.09725376065705,48.84688209614782,0.0,0.0,229.0376027174933,41.24847821452483,0.6649098009257333
0.47500000000000003,8.934651924813412,0.0,0.0,0.0,187.6276904210818,0.0,400.782957770202,0.0,273.1450731300104,0.0,0.7172023645453496
0.47500000000000003,0.0,9.710563078530894,201.147378055282,80.45895122211296,23.58279604786059,0.0,38.84225231412341,0.0,106.81619386383946,0.0,0.6435448894915344
0.5,0.0,17.119975064868665,50.8563965162275,0.0,31.218778059466377,15.441546136940357,46.660324196406734,0.0,53.709725693705614,10.574102245948293,0.5771860131308403
0.5,0.0,22.451245941018914,0.0,0.0,32.261874419447366,6.037309832879032,19.243925092301943,0.0,54.71312036046631,28.111223909343025,0.5991418852414753
0.5,0.0,21.06196525236872,28.00284016508116,16.99317651043388,16.7538359962024,22.73734885198897,5.504831827323643,0.0,35.66173662048798,47.6287623320611,0.5894693601588729
0.5,0.0,0.0,28.382687889509363,0.0,0.0,0.938270674033364,15.950601458567242,0.0,31.666635248626164,0.0,0.5698473637502038
0.5,0.0,0.0,0.0,0.0,0.0,0.0,5.797731967079367,0.0,14.632371155009864,25.39958766530009,0.5921104331555114
0.5,0.0,27.44979847158597,0.0,68.31256665087876,24.01857366263772,6.238590561724087,0.0,0.0,2.49543622468967,0.0,0.6374798519739147
0.5,0.0,0.0,0.0,0.9625252462766078,46.84289531879313,9.304410714006853,0.0,0.0,38.82185159982174,10.266935960283428,0.6196135578895886
0.5,0.0,44.40789968240747,44.76034333068057,0.0,73.66072248907273,0.0,4.934211075823056,0.0,63.79230033742666,0.0,0.6199085319224859
0.5,0.0,0.0,0.0,22.82007449721769,56.85679578120333,3.094247389453231,46.41371084179865,0.0,90.50673614150736,14.310894176221248,0.6051567315783566
0.5,68.4904879133699,0.0,46.60595331383159,29.989917784552524,16.616035529279095,0.0,0.0,0.0,97.26459822017031,0.0,0.6047136175888149
0.5,0.0,66.26664864049194,0.0,9.961653063603412,51.540726720382615,8.662307011829013,0.0,0.0,128.2021437750694,103.5145687913567,0.6579043391795402
0.5,0.0,28.17807252277807,13.858068453825291,0.0,86.38196002884432,0.0,18.4774246051004,0.0,76.21937649603915,0.0,0.6250883396848459
0.5,7.06617109389991,15.646521707921218,0.0,0.0,37.34976149632813,0.0,56.52936875119934,0.0,152.9321315322625,0.0,0.7770423524060598
0.5,0.0,45.10989056906178,69.61402865595959,54.020486237024656,35.6423826718513,25.06105031614545,88.5490444503806,0.0,162.06145871107395,80.19536101166544,0.7057322453070973
0.5,0.0,30.8228034858512,55.82998367248522,0.0,133.7593358819958,23.844055526790527,16.86530756772991,0.0,123.87277627332658,29.078116496086054,0.6298986828982335
0.5,0.0,72.39765282246007,123.75667149138472,0.0,110.14343762733236,97.14898712073698,0.0,0.0,80.44183646940012,0.0,0.6374671266490877
0.5,0.0,0.0,60.50842277969138,0.0,36.305053667814825,0.0,110.9321084294342,0.0,150.59874114056527,56.47452792771195,0.6325658882583579
0.5,81.76740945951917,136.2790157658653,55.90933980138064,36.34107087089743,145.36428348358965,88.75607693469172,23.76146941558677,0.0,79.67080921696746,0.0,0.7328332105264246
0.5,1.5216281647341727,53.25698576569624,108.79641377849376,0.0,131.6208362495064,0.0,11.412211235506351,0.0,157.48851504998748,35.75826187125319,0.706178199770931
0.5,0.0,59.583781787109146,108.9756009001076,30.5758880223324,141.11948317999546,48.60782198422063,82.31969852166404,0.0,202.2712592246602,0.0,0.6932682441140984
0.5,0.0,4.261546297459847,23.864659265775177,0.0,269.3297259994623,104.83403891751222,314.5021167525367,0.0,146.59719263261874,52.8431740885021,0.7299921681396336
0.5,0.0,146.6635786365773,115.1030617147822,0.0,149.4483301296769,41.77127239649354,0.0,0.0,112.31831022168272,3.713001990799429,0.7315109697435289
0.5,0.0,263.3164998215934,71.2736390494539,0.0,168.2849810889883,83.1525788910295,2.9697349603939185,0.0,0.0,151.4564829800895,0.6806139311435399
0.5,65.67239814061126,171.6699530342294,160.14847967622748,0.0,317.99266468085455,306.47119132285263,222.36443580943816,0.0,281.12394993524833,0.0,0.6914744845987428
0.5,0.0,0.0,0.0,0.0,43.8081464725632,0.0,254.88376129491328,0.0,261.5213592453017,0.0,0.7204795820487688
0.5,0.0,333.73798027116584,0.0,165.26448061504863,274.37112801139114,248.69897568284,9.627057123206702,0.0,354.59660403811387,59.3668522597747,0.7154714200900498
0.5,0.0,295.3908682477225,16.11222917714848,26.853715295247508,232.7321992254784,7.160990745399309,0.0,0.0,302.55185899312204,0.0,0.676692372336098
0.5,0.0,0.0,195.04471539822944,0.0,167.73845524247733,0.0,276.9634958654858,0.0,269.1617072495567,0.0,0.7676858300884343
0.5,124.28000696294494,228.51485151251148,228.51485151251163,0.0,394.8896995435509,6.0135487240134085,0.0,0.0,0.0,0.0,0.6923272355593874
0.5,0.0,0.0,54.91519200383794,0.0,0.0,48.813504003411424,160.67778401122936,0.0,156.60999201094512,0.0,0.7323794447582878
0.5,0.0,0.0,251.02124847985743,229.92702591852503,221.48933689399192,0.0,343.8358277497207,0.0,409.22791768985184,56.95440091559792,0.7448654596270493
0.525,9.9521827756667,0.0,15.59175301521116,0.0,29.52480890114454,8.127615933461136,8.95696449810003,0.0,31.34937574335012,0.0,0.6844826571291516
0.525,7.283082979956684,6.495722657799201,0.0,21.455568778791328,0.9842004026968494,3.9368016107873975,30.116532322523582,0.0,54.327862228866096,0.0,0.7096115585150706
0.525,0.0,56.25710579686878,0.0,8.448869368760532,31.11656767519116,17.309878706728853,8.861009337968342,0.0,5.769959568909642,30.704427705983324,0.5986832906670423
0.525,2.354390006981429,0.0,72.04433421363173,0.0,52.502897155685865,12.94914503839786,3.060707009075855,0.0,41.20182512217502,6.356853018849859,0.6429969620006211
0.525,0.0,30.315993396090956,50.62198897271794,15.729996573443428,16.587996386540333,0.0,10.009997819464004,0.0,91.2339801259719,1.4299996884948571,0.5513533196828614
0.525,0.0,0.0,29.19503619163973,0.0,22.3063197868708,0.0,0.0,0.0,132.52578226317365,0.0,0.6085901832834727
0.525,0.0,56.95310785086153,55.227256097805125,81.80537309487384,67.99855907042256,67.99855907042253,15.18749542689641,0.0,53.501404344748735,0.0,0.6890026203265422
0.525,36.83484006696181,125.6941449707666,59.9990178410306,75.94812384940585,38.353802543949925,98.35282038498052,62.657202175759785,3.0379249539762214,139.36480726365969,82.78345499585234,0.6227479308920082
0.525,0.0,0.0,8.98468807370987,0.0,26.17278699732869,0.0,74.61197487298185,0.0,144.53628640315856,0.0,0.6623467535729134
0.525,39.39116494742415,0.0,46.934153979909645,0.0,21.790857204958023,0.0,0.0,0.0,130.7451432297483,0.0,0.5779427154822109
0.525,0.0,0.0,28.627937006587608,22.365575786396573,39.36341338405796,0.0,30.41718306949933,0.0,78.72682676811597,20.57632972348485,0.7088915425491977
0.525,0.0,61.32643227578923,60.411112391076,0.0,56.7498328522229,0.0,58.58047262164945,0.0,61.784092218145936,0.0,0.6336890117933881
0.525,16.42546051336685,13.43901314730016,64.20861837043402,0.0,106.5166227230456,62.715394687400654,7.96385964284453,0.0,42.8057455802894,49.27638154010053,0.6247273154023415
0.525,0.0,33.16344011385866,53.16678494444011,23.161767698568,54.74599637843337,53.693188755771175,56.85161162375773,0.0,0.0,21.05615245324361,0.6721763590688403
0.525,0.0,0.0,0.0,41.301031371415725,98.8897934245164,52.353420048273385,0.0,0.0,78.53013007241013,0.0,0.595333341804923
0.525,0.0,0.0,115.55104278552308,24.455247150375254,103.32341921033544,0.0,116.16242396428244,0.0,146.12010172349216,0.0,0.5994085205632591
0.525,5.921666902129961,100.01037434708398,94.088707444954,144.75185760762156,51.32111315179306,132.250560814236,84.87722559719626,0.0,163.174821303137,111.8537081513439,0.676344249786825
0.525,0.0,90.47870525425007,0.0,0.0,183.0294419265365,72.52109963126917,80.80922530341422,0.0,157.47438777075592,0.0,0.6736461766935724
0.525,0.0,37.807992500501264,137.14663946260276,0.0,125.28530848205334,65.97865357930618,0.0,0.0,260.94928157208744,0.0,0.6505298998228257
0.525,0.0,42.642209080906206,0.0,0.0,16.281570739982378,0.0,0.0,0.0,84.50910526943234,51.17065089708744,0.7097571973787657
0.525,0.0,157.33183145955056,156.50376918871083,0.0,61.27660804214074,0.0,0.0,0.0,245.93449443940276,22.357681312672973,0.8021413513444323
0.525,0.0,0.0,0.0,0.0,96.02966446990528,0.0,224.65655449381512,0.0,127.74588392785572,0.0,0.6226256484737404
0.525,0.0,20.0363235158376,101.1357282227996,0.0,135.483711392807,0.0,0.0,0.0,0.0,0.0,0.7020267755814148
0.525,0.0,89.78715029952285,95.00733345647193,141.98898186901306,83.5229305111841,0.0,0.0,0.0,199.41099659545213,0.0,0.6279617634785647
0.525,0.0,0.0,46.494193839213786,0.0,206.89916258450128,0.0,359.1676474079264,0.0,162.72967843724828,0.0,0.6148873443602293
0.525,0.0,0.0,172.8814379275251,0.0,382.2300541678873,44.57099571569001,0.0,0.0,55.37608558616047,0.0,0.7082469390475477
0.525,0.0,209.9763815803089,117.19611995180044,0.0,493.2003381304932,151.37832160440877,55.34261219946129,0.0,361.3547031847179,0.0,0.7069329543685018
0.525,121.7802988656731,89.54433740123022,358.1773496049209,0.0,345.6411423687486,0.0,118.1985253696239,0.0,175.50690130641132,0.0,0.781442815179121
0.525,0.0,32.936818182538616,187.9336096297789,25.18697861017677,162.7466310196023,0.0,538.61385027916,0.0,368.1173796871959,0.0,0.7077359158726267
0.525,0.0,227.3691952274233,301.85220745709654,88.20356711408667,174.44705495897136,192.0877683817887,109.76443907530783,0.0,497.8601343772893,109.76443907530786,0.7245972553169665
0.525,0.0,15.690737948140008,0.0,0.0,109.83516563698048,0.0,0.0,0.0,494.2582453664121,0.0,0.7066819105453669
0.55,0.0,23.635410372837697,6.211870674912477,15.150904085152378,11.060159982161233,7.726961083427703,0.0,0.0,6.969415879170107,0.0,0.7547186591637212
0.55,0.0,0.0,11.918932609004944,13.110825869905456,0.0,0.0,9.535146087203952,0.0,33.37301130521385,0.0,0.7822958096089884
0.55,0.0,7.851527072222939,7.231669671784291,0.0,62.605597444304,0.0,39.46425449459428,0.0,20.868532481434684,0.0,0.760521017734464
0.55,0.0,22.525376319885076,0.0,0.0,34.257343153158565,28.391359736521814,33.78806447982763,0.0,32.849507133165766,19.475064943233985,0.7275260683593776
0.55,0.0,0.0,10.171194783774672,0.0,63.43613588827881,19.004074464421063,33.993203619457425,0.0,55.13858224888372,14.989129155036345,0.7550741242322543
0.55,1.5505985314641677,0.0,0.0,41.24592093694689,43.41675888099669,71.63765215364452,36.28400563626152,0.0,83.42220099277222,0.0,0.78769981194939
0.55,0.0,0.0,0.0,0.0,11.912975664325788,0.0,0.0,0.0,0.0,0.0,0.7463924986063925
0.55,0.0,0.0,85.84884493957809,0.0,124.63143717105416,15.81426090992226,8.283660476625958,0.0,113.71206654277448,0.0,0.715385123775848
0.55,19.10653964075118,0.0,5.970793637734743,0.0,0.0,41.795555464143206,11.941587275469496,0.0,55.329354376341975,3.582476182640848,0.8770753355450415
0.55,0.0,38.47639867785369,41.34166240918326,36.020458336714164,94.55370313387456,14.73564204683757,108.06137501014236,0.0,115.01987264337124,54.44001089526111,0.7788062869413496
0.55,0.0,0.0,0.0,0.0,143.64714055250576,0.0,71.38827591094226,0.0,33.952960494228655,0.0,0.798056181217775
0.55,0.0,0.0,50.27775586147514,0.0,76.12146214541094,14.09656706396499,41.81981562309614,0.0,81.29020340219813,0.0,0.8247665812219611
0.55,0.0,0.0,0.0,0.0,28.593461752214345,5.422897918523386,0.0,0.0,0.0,0.0,0.7568465801904205
0.55,0.0,23.357147343621254,4.152381749977134,0.0,3.633334031229951,0.0,0.0,0.0,0.0,14.014288406172753,0.6882704295974433
0.55,26.80059533339163,0.0,54.717882139007926,74.25998290293936,126.18613636138556,90.45200925019672,122.83606194471162,4.466765888898588,188.16251306985373,0.0,0.7149342895228463
0.55,0.0,42.71726185976501,83.57725146475774,23.5254485604504,121.3417873117964,74.29089019089575,111.43633528634363,0.0,193.15631449632895,0.0,0.723875977737836
0.55,49.34009188318739,0.0,77.62841122954819,26.97258356280916,213.80706482714533,81.57561858020314,54.60303501739404,0.0,109.20607003478814,9.868018376637478,0.7589343287949905
0.55,0.0,0.0,0.0,0.0,0.0,19.25623993998881,0.0,0.0,55.01782839996813,0.0,0.7950761179034961
0.55,0.0,46.05739759491345,0.0,0.0,167.414984908495,0.0,33.629210942317776,0.0,65.79628227844788,0.0,0.6859551590020895
0.55,0.0,0.0,0.0,35.66473201898415,27.491564264633517,0.0,0.0,0.0,34.92171676858858,0.0,0.720265329130749
0.55,0.0,0.0,110.81330182972148,0.0,280.2452343374839,0.0,224.8385834226232,0.0,208.7786846067216,0.0,0.7386146682006182
0.55,0.0,50.81420368940567,39.98494716543404,0.0,138.2812756137926,73.30573646996231,0.0,0.0,251.57195924918892,0.0,0.693235862707171
0.55,0.0,0.0,0.0,0.0,281.1539946079515,144.97002846972498,110.7043853768809,0.0,105.43274797798188,0.0,0.7362281454001418
0.55,0.0,133.84731928813235,197.90282209031,0.0,148.18810349757513,44.93445718958725,143.40784209442754,0.0,78.39628701162042,17.2089410513313,0.6985770905657197
0.55,0.0,391.0452085406868,0.0,0.0,244.9177885070617,123.48796059179584,0.0,0.0,395.1614738937467,128.63329228312065,0.6914125404093763
0.55,0.0,15.08164032090802,100.93097753223084,87.00946338985415,203.02208124299295,9.281009428251076,103.2512298892936,0.0,278.43028284753336,227.38473099215213,0.6851922592522638
0.55,0.0,107.1300986191057,142.8401314921411,0.0,238.06688582023503,0.0,1.3225938101124122,0.0,132.2593810112418,0.0,0.7312942415550547
0.55,12.279774871201097,135.0775235832119,70.60870550940626,0.0,486.586079271343,184.1966230680163,170.38187633791506,0.0,133.54255172431186,42.9792120492038,0.7652763977703027
0.55,0.0,182.1336758146748,72.53110983770236,0.0,277.2300198241068,103.15535621362112,0.0,0.0,456.14009075710607,195.02809534137748,0.7422715385036568
0.5750000000000001,0.0,0.0,19.08544212303082,6.612279160735096,37.72004703055697,2.554744221193095,13.825674608809727,0.0,46.88707041248516,0.0,0.7545151188916022
0.5750000000000001,0.0,9.127854879803795,36.51141951921525,0.0,41.282798206385415,10.165111116145152,28.21336962848451,0.0,51.03300682799406,0.0,0.71002523486195
0.5750000000000001,0.0,35.383936743744464,14.724992309508576,29.01043260977809,4.615296097010153,0.0,0.0,0.0,35.16416073912496,0.0,0.6806241568509906
0.5750000000000001,0.0,5.404652910319928,4.503877425266624,0.0,43.462417153822905,24.77132583896643,5.404652910319949,0.0,11.48488743442991,0.0,0.7390368063800046
0.5750000000000001,0.0,10.618331767290078,14.2441035902672,0.0,43.25027817408404,1.294918508206109,21.49564723622141,0.0,53.86860994137414,0.0,0.7804645558329799
0.5750000000000001,0.0,26.92845000538633,15.969197096217492,5.949308722120259,0.0,8.141159303953996,3.757458140286471,0.0,0.0,0.0,0.7718783701433269
0.5750000000000001,0.0,0.0,0.0,0.0,109.9587465881432,0.0,38.97272030972165,0.0,24.357950193576052,0.0,0.7923070612509037
0.5750000000000001,0.0,0.0,3.86636419087535,0.0,52.96918941499229,52.96918941499227,42.14336968054131,0.0,37.89036907057845,0.7732728381750706,0.7432293464348967
0.5750000000000001,0.0,14.00805902255112,70.86429858467055,0.0,15.65606596638069,49.440208314886426,97.64441142190068,0.0,110.00446350062232,31.724133668718792,0.7670041162583706
0.5750000000000001,0.0,3.458778339119506,30.69665775968573,0.0,38.91125631509458,76.52547075301933,0.0,0.0,60.96096822698155,0.0,0.9276278246134199
0.5750000000000001,0.0,0.0,106.04626602550336,0.0,139.4395583058746,20.306731792117667,12.184039075270604,0.0,115.07148015533346,0.0,0.746177758749922
0.5750000000000001,0.0,83.39237138583476,109.88171288486464,0.0,152.06844193887517,99.58030230190856,76.03422096943758,0.0,87.8072616356731,0.0,0.783075519802124
0.5750000000000001,0.0,6.517428827728903,0.0,24.06435259469145,114.30567482478408,0.0,7.01876950678499,0.0,57.15283741239208,57.65417809144812,0.7042489496318506
0.5750000000000001,0.0,0.0,12.026767144845715,0.0,82.09575833655539,0.0,21.4390196929858,0.0,159.48539039904077,21.961922612326923,0.7680139048691523
0.5750000000000001,0.0,0.0,1.6521385244125404,0.0,0.0,76.5490849644466,105.18615272093024,0.0,70.49124370826742,0.0,0.764951400170067
0.5750000000000001,0.0,0.0,0.0,4.679495448196557,43.870269826842105,0.0,0.0,0.0,54.9840715163088,59.07863003348071,0.6694551278876831
0.5750000000000001,0.0,15.39196833483375,110.30910639964227,0.0,99.40646216246832,0.0,2.565328055805636,0.0,231.52085703645847,0.0,0.723508339208052
0.5750000000000001,0.0,0.0,12.119798081394707,0.0,80.12533176033149,95.61174041989136,44.439259631780494,0.0,16.833052890825947,0.0,0.8459337956454407
0.5750000000000001,0.0,79.91379981614027,107.74092653783195,0.0,174.8114370978068,141.27618181781935,50.65964095487463,0.0,291.1145564730824,0.0,0.7857244649703711
0.5750000000000001,0.0,54.59628822603702,58.28522661968823,0.0,28.035931791748748,81.89443233905558,0.0,0.0,0.0,0.0,0.7830463034951205
0.5750000000000001,0.0,79.86185981858412,17.39565263375103,0.0,154.9794507370544,0.0,0.0,0.0,122.5602799196094,0.0,0.762213282618409
0.5750000000000001,0.0,81.8198356463328,187.3674236301021,0.0,117.0023649742559,0.0,27.81874411975316,0.0,62.183075091213006,15.545768772803235,0.7243288304963786
0.5750000000000001,0.0,0.0,0.0,0.0,23.73744795933918,26.37494217704357,48.35406065791323,0.0,155.6121588445571,16.704130045460932,0.8275743900595364
0.5750000000000001,0.0,124.95950230084784,56.04801206140973,0.0,0.0,33.077515314930274,49.61627297239549,0.0,133.22888112958054,0.0,0.7458130418508381
0.5750000000000001,0.0,103.94823721006772,32.361243659738115,0.0,215.74162439825383,55.896693594093,0.0,0.0,79.4321435284481,0.0,0.8300370812706419
0.5750000000000001,0.0,70.88428880853908,0.0,0.0,179.85565817091995,0.0,0.0,0.0,212.6528664256172,0.0,0.8530364016124176
0.5750000000000001,0.0,305.73520785230204,200.7218103725983,1.3292835124014266,288.45452219108495,0.0,179.45327417417732,0.0,151.5383204137498,0.0,0.7673747981534679
0.5750000000000001,0.0,16.614635169189366,48.33348412855116,0.0,244.68826340079005,0.0,258.2820558119451,0.0,280.93837649720354,0.0,0.8293170210376367
0.5750000000000001,0.0,318.12531709670617,277.6700744601309,0.0,608.6675142139293,0.0,325.48081575790167,0.0,645.445007519907,356.74168506798264,0.7575764728344356
0.5750000000000001,13.807749333422755,205.143704382281,321.5233059068446,0.0,364.9190895261732,84.81903161959696,254.45709485879104,0.0,437.9029074314079,0.0,0.777737700512724
0.6000000000000001,0.8717558223846125,0.0,0.4809687295915102,0.0,0.0,0.0,3.0361151055464086,0.0,0.0,1.8336932815676328,0.753035799880364
0.6000000000000001,5.359021280390244,0.0,0.0,0.0,0.0,0.0,8.665651432120393,0.0,11.744238125110533,0.0,0.8250563095997383
0.6000000000000001,4.137292465842992,7.807471266187582,3.67017880034459,10.209770117322222,0.0,8.007662837115468,7.540549171617067,6.806513411548148,0.0,24.89048531870058,0.7768435192056238
0.6000000000000001,2.410175702029983,1.5595254542546948,0.0,4.1823637182285,8.43561495710494,6.167214296370839,8.931827601640526,0.0,5.600114131187314,18.926968013000163,0.7925087349256313
0.6000000000000001,17.771576945897486,5.8702493984186255,7.237293778872279,4.985691269889792,13.50961505389492,4.66403376860658,0.0,2.412431259624093,11.90132754747886,23.239754467712093,0.7809792497746779
0.6000000000000001,0.0,0.0,0.0,1.6681951027802306,0.0,2.6339922675477325,0.0,0.0,3.7753889168184167,24.144929119187548,0.678009784312696
0.6000000000000001,14.430324536048625,0.6274054146108097,7.528864975329716,0.0,0.1045675691018016,15.057729950659432,13.280081275928806,4.287270333173867,12.652675861317997,32.93878426706751,0.7459878527544044
0.6000000000000001,23.366978816462016,6.0224172207376325,0.0,0.0,0.0,10.238109275253976,16.983216562480123,0.0,0.0,10.358557619668728,0.8093385451053304
0.6000000000000001,5.126947329679964,5.5213278935015,0.0,0.0,0.0,0.0,0.0,0.0,15.117921613158869,27.6066394675075,0.7428407695517603
0.6000000000000001,0.0,5.6204301515269615,0.0,0.0,2.604589582414933,0.0,0.0,0.0,0.0,16.58712313011615,0.758836332431919
0.6000000000000001,33.43140718045109,21.28816062611684,4.647415347955084,0.0,0.0,8.245414327017086,0.5996664965103334,21.438077250244422,4.347582099699918,42.72623787636126,0.838123911579773
0.6000000000000001,38.09485708629528,0.0,27.189270547865647,0.0,12.10071930976438,0.0,11.801936116930694,31.0734520547036,29.131361301284624,36.1527663328763,0.7430589179773803
0.6000000000000001,37.377742051556375,0.0,6.439022790394166,0.0,0.0,3.140986727021544,0.0,12.563946908086177,0.0,13.50624292619264,0.6935750153376271
0.6000000000000001,22.597576324121206,0.0,23.73558376490429,0.0,7.640907102400696,2.1134423900257246,0.0,39.66768793586744,5.364892220834531,7.966052085481577,0.8148058900224419
0.6000000000000001,54.25930201148282,14.846193384249371,34.99459869144495,2.474365564041562,46.482724524495055,6.539394704966986,0.0,23.683213255826377,26.51105961473102,12.548568217639351,0.7307335319298279
0.6000000000000001,44.619316847174446,0.3733834045788656,23.52315448846853,0.0,16.428869801470086,0.0,0.0,20.162703847258744,9.33458511447164,59.55465303032907,0.8564790564542399
0.6000000000000001,6.863709000533404,13.92929179520014,20.187379413333534,5.854340029866727,0.0,0.0,6.056213824000062,6.863709000533404,0.0,0.0,0.7700590463593434
0.6000000000000001,0.0,0.0,1.2751737434682795,0.0,9.563803076012098,6.163339760096685,0.0,4.463108102138978,24.228301125897318,0.0,0.7756482476235791
0.625,0.0,6.059227783515788,6.131793385713582,0.0,0.0,5.877813778021303,0.0,3.265452098900724,9.977770302196657,0.0,0.8005819309581614
0.625,0.0,1.028790204595648,0.0,0.0,0.0,5.511376096048115,0.0,0.0,17.78337353658192,10.87578216286828,0.8128980651751632
0.625,0.0,15.329819382681036,1.3936199438800942,0.0,0.0,15.852426861636072,0.0,0.0,23.51733655297659,0.0,0.6954838140618056
0.625,0.0,3.981239990624788,0.0,0.0,0.0,0.0,0.0,1.8010371386159754,26.06764279575754,0.0,0.7758876996063889
0.625,0.0,22.568886406635844,0.0,3.302763864385733,0.0,11.669765654162925,0.0,0.0,32.146901613354466,0.0,0.7731224978831928
0.625,0.0,2.2636803427831085,0.0,1.9241282913656423,0.0,3.96144059987044,0.0,5.319648805540305,27.1641641133973,10.299745559663144,0.746866289718287
0.625,0.0,10.66063153806116,4.264252615224464,4.264252615224464,0.0,0.0,0.0,0.0,49.97171033466169,3.4647052498698767,0.766066759742033
0.625,0.0,14.85158812292113,7.425794061460565,5.910325885652286,0.0,43.94857709844008,0.0,6.061872703233115,46.2217793621525,10.00208996033464,0.7246799131188612
0.625,17.03864814114224,0.0,0.0,10.475613301591151,0.0,0.0,8.961066800156289,0.0,15.397889431254466,1.6407587098877712,0.9046080528567414
0.625,19.67569613348023,25.257453901843416,39.49093621116954,27.49015700918869,1.6745273305089556,24.97836601342525,6.419021433617663,0.0,28.327420674443168,16.745273305089558,0.6583114009953761
0.625,4.697145572902064,4.110002376289306,12.770364526327487,1.6146437906850846,0.0,0.0,0.0,0.0,18.05465329584231,0.0,0.776341465374525
0.625,16.047339805812573,6.634957804326352,0.0,12.961312920079386,29.16295407017862,0.0,10.183888722919518,0.0,8.795176624339584,44.90169118741788,0.7272559392542147
0.625,6.859146645472783,20.258409859884733,14.99441359708004,15.313443673613657,0.0,24.086770778288148,32.38155276816221,0.0,38.28360918403414,49.29014682444396,0.8304329400969626
0.625,0.0,0.0,11.948888086357144,0.0,21.740338046010915,0.0,9.293579622722223,5.310616927269842,0.0,21.740338046010915,0.8279309788321849
0.625,23.34394766158658,18.78046917135161,0.0,15.972174715822396,0.5265552104117273,0.0,0.0,4.914515297176122,1.2286288242940304,43.353045657232215,0.7996387311804235
0.7000000000000001,0.0,7.818169415745419,0.0,7.470695219490067,0.0,0.0,0.0,0.0,16.099637759831307,3.8801285248514303,0.7704524520487761
0.7000000000000001,0.0,1.826915054499966,0.0,3.377024797712058,0.0,0.0,0.0,4.594968167378702,21.480092155938998,3.15558054868176,0.773823689251259
0.7000000000000001,0.0,6.024388567687334,8.554631766116014,1.26512159921434,0.0,10.783655536160328,0.0,6.867802967163561,21.26609164393629,1.6868287989524535,0.84300839117218
0.7000000000000001,0.0,10.85833910711078,5.043873649754684,0.2101614020731118,0.0,8.966886488452774,0.0,0.0,24.378722640480976,0.0,0.7942752914371906
0.7000000000000001,0.0,10.937625713558925,6.903255573311778,0.0,0.0,3.2274961121977146,0.0,0.0896526697832698,27.433716953680577,12.909984448790858,0.8717930001868117
0.7000000000000001,0.0,10.06560354816361,0.0,3.615799332835471,0.0,8.208841728599449,0.0,1.368140288099908,21.59707169071998,0.0,0.8279783055038491
0.7000000000000001,8.09427532403128,10.19668449910434,13.770780096728544,4.415059267653426,0.0,7.568673030263016,0.0,0.0,28.277403404732656,0.0,0.8401205465089783
0.7000000000000001,0.0,15.29528456216982,10.19685637477988,19.771953214512205,0.0,24.746029494892635,0.0,11.93778307291303,43.27446363930973,8.331577769637219,0.7201082914806091
0.7000000000000001,0.0,42.5205786198723,0.0,37.49969848763647,0.0,9.257247743809838,0.0,4.8639776281034734,53.66065641327059,14.43503038017805,0.855418467053237
0.7000000000000001,0.0,14.55904309987727,25.83056033849193,5.479209768771017,0.0,17.376922409530938,0.0,0.0,32.249063210480834,0.0,0.7429115474876461
0.7000000000000001,0.0,12.418296960093086,8.84591016335398,9.35625113431671,0.0,40.31693670605564,0.0,6.294205308540331,57.49841606180087,0.340227313975153,0.7909549954879447
0.7000000000000001,0.0,36.06334555152981,0.0,20.115735458391,0.0,8.879919256406838,0.0,25.91486640135057,58.71620079746562,8.698696414439352,0.8064031178156387
0.7000000000000001,0.0,29.41688643660664,0.0,3.3562890565255894,0.0,36.12946454965782,11.648297313824104,0.0,38.893467302090656,25.468311075988296,0.7914147153271924
0.7000000000000001,14.46687297030942,12.126643519229956,1.7019850553305202,0.0,0.0,22.55130198312939,0.0,0.0,61.69695825573136,0.0,0.8611658390359279
0.7000000000000001,0.0,25.61535563868321,6.641018128547499,17.314082977998837,0.0,0.0,0.0,4.032046720903839,64.27556831558472,0.0,0.8573277901726684
0.7000000000000001,0.0,37.524667499608064,0.0,20.737316249783404,0.0,14.565495937347867,0.0,11.84989499987623,95.2929056240047,6.66556593743038,0.7679619241896103
0.7000000000000001,0.0,25.36084326866971,5.072168653733942,20.28867461493577,0.0,37.28043960494448,0.0,0.0,47.67838534509906,10.39794574015458,0.8236562398212448
0.7000000000000001,0.0,18.37996289985836,28.734871575834894,0.0,0.0,28.734871575834894,0.0,6.471817922485337,88.01672374580058,42.45512557150381,0.7732702025463734
0.7000000000000001,1.0928964832281178,6.284154778561677,0.0,28.961756805545125,0.0,6.010930657754648,0.0,0.0,107.10385535635557,1.9125688456492065,0.8459337956454407
0.7250000000000001,0.0,0.0,0.0,0.0,0.0,0.0,0.0,0.0,0.0,0.0,0.8020356857007725
0.7250000000000001,0.0,0.0,0.0,0.0,1.608121686546068,0.0,4.594633390131623,0.0,0.0,0.0,0.6749855313340757
0.7250000000000001,0.0,0.0,0.0,0.0,0.0,0.0,13.545312925048394,0.0,1.849800443508812,0.0,0.5876111218770907
0.7250000000000001,0.0,0.0,0.0,0.8167791446331617,0.0,0.2041947861582904,0.0,0.0,6.6703630145041535,0.0,0.7126861321557894
0.7250000000000001,0.0,5.816870077040891,0.0,0.0,0.0,0.0,0.6798939051086755,0.0,0.0,0.0,0.6735959713104622
0.7250000000000001,8.131750514730813,0.0,0.0,1.771272389347306,0.0,0.0,9.580973378742245,0.0,8.856361946736529,9.983535285412088,0.7093027214920566
0.7250000000000001,0.0,0.0,0.0,0.0,0.0,0.0,4.538264412772268,0.0,0.0,0.0,0.7076553032122223
0.7250000000000001,0.0,7.192342189492986,0.0,0.0,0.0,14.4818781923575,6.9007607493784064,0.0,4.956884481947869,0.0,0.6613017649307141
0.7250000000000001,0.0,0.0,0.0,0.0,0.0,0.0,0.0,0.109651773661995,3.179901436197856,0.0,0.6970407997558266
0.7250000000000001,0.0,0.0,4.801530501099058,0.0,0.0,0.0,15.14328850346626,0.0,1.6005101670330193,0.0,0.6985305504869367
0.7250000000000001,0.0,14.857405463990206,0.0,0.0,9.132533633828842,0.0,14.312179575403407,0.0,14.721098991843506,0.0,0.6602958514466247
0.7250000000000001,0.0,0.0,0.0,0.0,0.0,0.0,0.0,0.0,0.0,0.0,0.6377398121811124
0.7250000000000001,0.0,4.089052260516519,0.0,0.0,0.0,0.0,15.374836499542113,0.0,0.0,0.0,0.6936772724121366
0.7250000000000001,16.795315872784226,0.0,0.0,0.0,0.0,0.0,39.41757806877931,0.0,15.938412001723808,0.0,0.6921076263184149
0.7250000000000001,0.0,12.051922225160787,0.0,0.0,8.330005067390543,0.0,2.30404395481015,0.0,0.0,15.064902781450982,0.7118807359594138
0.75,0.0,0.4388826827157938,0.0,0.0,0.1847927085119132,0.0,2.055818882195034,0.0,3.6727550816742736,0.0,0.7229381342830489
0.75,0.0,0.0,0.0,0.0,0.0,0.0,0.0,0.0,0.0,0.0,0.646684923867422
0.75,0.0,0.5959658285996327,0.0,0.0,0.0,0.0,4.926650849756962,0.0,3.6155260268377702,0.0,0.7994628714863492
0.75,0.0,1.7678349997396394,0.0,0.0679936538361399,0.0,0.0,14.414654613261678,0.0,0.0,0.0,0.6721010296906184
0.75,11.495651230015984,0.6298986975351225,0.0,1.7322214182215867,0.0,0.0,0.0,0.0,14.015246020156471,0.0,0.7468765154257375
0.75,0.0,0.0,0.0,4.317902686801218,0.0,0.0,0.0,0.0,0.0,0.0,0.746614055601163
0.75,0.0,0.0,0.0,0.0,0.0,0.0,6.4816856558451725,0.0,4.840752578416015,0.0,0.7845071188452574
0.75,0.0,19.73589655136795,0.0,2.311411307817868,4.267220875971449,0.0,0.0,0.0,1.0668052189928623,14.846372630984002,0.7869996350364286
0.75,0.0,1.4170166608186157,0.0,10.121547577275829,0.0,0.0,19.534586824142345,0.0,4.048619030910331,0.0,0.8176575841878275
0.75,0.0,6.212846217605716,0.0,5.769071487776737,0.0,0.0,17.640045510701945,0.0,10.31776246852378,2.107929966687654,0.7769358346201123
0.75,0.0,0.9839978399138376,0.0,0.0,0.0,6.518985689429174,3.9359913596553504,0.0,0.0,0.0,0.8799640978999367
0.75,0.0,34.68078002621733,0.0,0.0,7.706840005826073,0.0,0.0,0.0,0.0,0.0,0.7443127844862479
0.75,26.459623157101458,0.0,0.0,1.5383501835524105,22.61374769822043,3.384370403815302,0.0,0.0,4.615050550657231,0.0,0.8359850344379479
0.75,11.698450455772932,0.0,0.0,0.0,0.0,8.067896866050297,19.766347321823226,0.0,24.40538801980215,0.0,0.6980231980787931
0.775,0.1077205374890076,0.0,0.0,0.0,0.0,0.0,3.9587297527210312,0.0,2.39678195913042,0.0,0.794170412386412
0.775,0.0,1.293930706624466,0.0,2.614268162363717,2.191760176527157,1.478777950427961,3.564911130495978,0.0,3.0631828973150625,0.0,0.8575612771594665
0.775,5.024844761751806,2.018175355129824,4.077537962405154,3.789227197386608,0.0,0.0,2.594796885166916,0.0,3.1714184152040086,0.0,0.6707376020304907
0.775,7.694733986189425,0.427485221454968,0.0,0.0,6.768516006370327,0.0,0.0,0.0,16.814418710562073,0.0,0.7658008913483078
0.775,0.6113352715623678,0.0,0.0,7.641690894529598,0.0,0.0,0.0,0.0,0.0,1.7575889057418073,0.8166201009526989
0.775,0.0,0.0,0.0,0.0,0.0,0.0,4.222159179378255,0.0,0.0,0.0,0.5921036160172103
0.775,0.0,0.0,0.0,3.716552998748984,0.0,0.0,0.0,0.0,13.21441066221861,0.6607205331109305,0.7807649968566576
0.775,0.0,0.0,0.0,11.78102510097722,0.0,0.0,0.0,0.0,10.098021515123332,0.0,0.7010994317369557
0.775,0.0,2.259729061952064,0.0,4.421209034254039,6.091443558305564,0.0,8.744168978857987,0.0,7.466930813406821,1.6702345240515255,0.7785889906580162
0.775,0.227203372466231,6.929702860220046,0.0,5.793685997888891,0.0,0.0,29.195633361910687,0.0,0.0,0.0,0.7848004992614096
0.775,6.831586247072286,3.903763569755592,0.0,18.12461657386525,8.644047904458812,0.0,19.51881784877796,0.0,19.93707823125177,0.0,0.7505763623034478
0.775,0.0,0.0,8.868669861724335,0.0,0.0,13.589090917158256,13.159961730300626,0.0,0.0,0.0,0.7800163289897128
0.775,0.0,0.0,0.0,0.0,0.0,0.0,52.5315269307117,0.0,25.56844231140835,4.33888718011778,0.7432506499920859
0.8,0.0934366688963325,0.0,0.0,0.3513218750502104,0.3027348072241174,0.0,0.0,0.0,0.4111213431438632,0.0,0.6996356406518467
0.8,0.0,0.0,0.0,0.2538959513321465,0.0,0.0,0.0,0.0,3.8592184602486266,0.0,0.6539480749407497
0.8,5.398930213130538,7.967776040345875,0.0,2.22052774894885,0.0,0.0,6.0520266098802,0.0,0.0,0.0,0.716836795503978
0.8,1.6617971577702009,3.3829442140321957,0.0,0.0,0.0,0.0,0.2373995939671715,0.0,1.4243975638030295,0.0,0.818119397966457
0.8,0.0,0.0,0.0,0.0,0.0,0.0,5.360462665973792,0.0,18.07241698814021,0.0,0.5554853576353355
0.8,0.0,0.0,0.0,0.0,0.0,0.0,0.0,0.0,0.0,0.0,0.7661051061449736
0.8,0.0,1.5997382017598536,0.0,0.0,0.0,3.367869898441797,21.13338361272228,0.0,2.4417056763703027,0.0,0.6122088176811413
0.8,14.502045238236416,8.630051460790996,0.0,10.142534706496637,0.0,0.0,10.943261130693738,0.0,14.67998444361355,11.921926760267974,0.6777810314497189
0.8,9.639101743606984,0.0,0.0,2.672226225950451,4.008339338925676,8.684735234338966,0.0,0.0,0.0,0.0,0.6758760200245967
0.8,0.0,0.0,0.0,0.0,0.0,0.0,1.919109277150268,0.0,0.0,0.0,0.6726707476771713
0.8,9.502672029611958,0.0,0.0,0.0,0.0,0.0,25.21862961704712,0.0,14.98498281592655,0.0,0.7794283508112826
0.8,0.0,0.0,0.8323028544124315,0.0,0.0,0.0,1.3871714240207191,0.0,12.068391388980258,7.9068771169181,0.8117501077791811
0.8250000000000001,0.0,0.0,0.0,0.0,0.0,0.0031548104987927,0.0,0.0,0.0,0.0,0.8039508754921074
0.8250000000000001,0.0,0.0,3.0043334516727547,1.2999519742814805,0.0,0.0,0.8088590062195877,0.0,3.32209948983045,1.4732789041856778,0.8185715067912563
0.8250000000000001,1.9559421617775523,0.0,0.0,2.477526738251566,0.5541836125036398,0.0,0.0,0.0,1.6299518014812937,0.0,0.8427680870470821
0.8250000000000001,0.0,7.770859629590434,6.975048703668522,0.0,1.591621851843824,3.136431296280476,7.30273555551872,0.0,0.0,5.80473851848924,0.8122422199502585
0.8250000000000001,4.224571552274596,0.0,0.0,0.0,0.0,0.0,0.0741152903907823,0.0,14.230135755030217,0.0,0.8182860391249174
0.8250000000000001,0.0,10.578370385926757,0.0,12.577432506101893,0.0,0.0,8.91248528578081,0.0,0.0,7.829659970685946,0.7839049382953681
0.8250000000000001,0.0,0.0,0.0,0.0,0.0,2.327456386361691,11.120069401505855,0.0,6.982369159085072,0.0,0.8528387046016991
0.8250000000000001,1.444095874495789,0.0,0.0,0.0,0.0,0.0,25.903469748768213,0.0,0.0,0.0,0.7683696742742165
0.8250000000000001,2.788027429720628,0.0,0.0,0.0,0.0,0.0,18.17024773162754,0.0,0.0,0.0,0.7290972393392984
0.8250000000000001,0.5768096545274669,0.0,0.0,0.0,0.0,0.0,12.593677457183029,0.0,3.6531278120072903,0.0,0.7751301451127306
0.8250000000000001,0.0,8.685899459105398,0.0,0.8328944686813395,0.0,0.0,0.0,0.0,0.0,0.0,0.8155591838046619
0.8500000000000001,0.0,0.0,0.0,0.0,0.0,0.0,0.0,0.0,0.0,0.0,0.8307699236379601
0.8500000000000001,2.628101031875295,0.0,0.0,0.0,0.0,0.0,6.773837870889844,0.0,7.884303095625885,0.0,0.7391886013261659
0.8500000000000001,0.0,1.9826121188224048,0.0,0.0,0.0,0.0,0.0,0.0,2.478265148528006,0.0,0.6715215729350646
0.8500000000000001,4.661561522095145,0.0,0.0,5.885810002645385,2.2130645609946646,0.1412594400634892,0.0,0.0,4.89699392220096,0.0,0.7412353334819605
0.8500000000000001,0.0,4.378787826462867,0.0,0.0,0.0,0.0,7.589898899202301,0.0,0.0,0.0,0.7179860514024936
0.8500000000000001,0.0,0.0,0.0,0.0,0.0,3.8737271739878834,10.442221077706469,0.0,0.0,0.0,0.7669067285683617
0.8500000000000001,0.0,4.691016603182108,0.0,0.0,0.0,0.0,1.7058242193389486,0.0,0.6823296877355794,0.0,0.6939292630600354
0.8500000000000001,10.603507954965258,0.0,0.0,1.336576632978814,0.0,0.0,25.48406113546272,0.0,10.692613063830512,0.0,0.7702877045398445
0.8500000000000001,0.0,0.0,0.0,0.3778021512629796,0.0,0.0,0.0,0.0,4.344724739524265,0.0,0.8082784800995814
0.8500000000000001,0.0,0.0,0.0,2.7667413643082543,0.0,0.0,0.0,0.0,10.759549750087656,0.0,0.8081029387883395
0.8500000000000001,0.0,17.327224586282522,0.0,0.0,0.0,3.2842451830208703,1.0192485050754423,0.0,0.0,11.664732891418954,0.7629871175147199
0.8500000000000001,0.0,6.251285588975853,0.0,8.251696977448125,0.0,2.7505656591493755,0.0,0.0,16.253342531337218,0.0,0.8109797711512089
0.875,0.7009292062318356,0.133328925098447,0.0571409678993344,0.2057074844376039,0.0,0.0,0.9333024756891288,0.0,0.7352137869714362,0.0,0.7591780414892381
0.875,0.0,0.0,0.0,0.0,0.0,0.0,0.66334092906723,0.0,0.0,0.0,0.6442061519066969
0.875,0.0,0.0,0.0,0.0,0.0,0.0,2.395126859375313,0.0,4.123783636141844,0.0,0.7660071097819021
0.875,0.0,0.0,0.0,0.9129913928920992,0.0,0.0,4.853270035900106,0.0,0.0,1.2013044643317097,0.7041330582807395
0.875,2.350820339886354,3.526230509829531,0.0,0.0,2.99195315985536,0.0,6.518183669684891,0.0,0.0,0.0,0.8168146734416963
0.875,0.0,0.0,0.0,0.0,1.0794992069167342,1.743806411173186,14.365643292045773,0.0,0.0,0.0,0.6792198263610595
0.875,0.0,3.682413270822292,0.0,0.0,0.0,0.0,0.0,0.0,0.0,0.0,0.814675796299871
0.875,10.99836660932609,0.0,3.789353201532519,0.0,11.645329351051156,0.0,23.93762144382737,0.0,7.209013407793572,0.0,0.7619973069064581
0.875,0.0,1.04015033752546,0.0,3.215010134169604,0.0,0.0,15.12945945491578,0.0,12.57636317189874,0.0,0.769470459507851
0.875,0.0,6.343577816886995,0.0,4.808841248285303,13.607997574935006,0.0,8.799156326649703,0.0,0.0,22.40715390158471,0.7815970529331728
0.875,1.0455564468369811,0.0,0.0,0.0,0.0,0.0,11.84963973081912,0.0,10.107045652757485,0.0,0.7742302828570464
0.875,14.719866164802138,0.7548649315283147,0.0,8.932568356418392,0.0,0.0,0.0,0.0,4.655000411091274,0.0,0.806100404412528
0.9,0.0,0.0,0.1799729583563121,0.0,0.0,0.0,0.7038228192862922,0.0,0.0514208452446606,0.0,0.9328934958558044
0.9,0.0,0.0999721672675336,0.0,0.4082196830090955,0.0,0.0,0.6831431429948129,0.0,0.0,0.1707857857487032,0.8541271437405197
0.9,0.8956098471635976,0.0,0.0,0.0,0.0,0.0,0.0,0.0,3.3865247345873537,0.0,0.7746506730522527
0.9,3.2264316445239114,0.8884376992167292,0.0,4.816267527332795,0.9819574570290164,0.3273191523430054,0.0,0.0,5.190346558581944,0.0,0.8533005657215675
0.9,0.0,0.0,0.0,0.0,0.0,0.0,0.0,0.0,1.467995389666345,0.0,0.8166769104385385
0.9,9.085500203447523,12.306723002851644,0.0,0.8259545639497748,12.14153209006169,0.0,6.0294683168333565,0.0,4.212368276143852,0.0,0.8756096508104042
0.9,0.0,0.0,0.0,0.0,0.0,0.0,0.0,0.0,0.915256376477774,0.0,0.7901426198404511
0.9,0.0,0.0,0.0,2.3815155359910487,0.0,0.0,5.221014828903454,0.0,0.0,0.0,0.2
0.9,0.0,0.0,0.0,0.0,0.0,0.0,13.51633088282028,0.0,0.0,0.0,0.7462075837299877
0.9,0.0,5.306424872386764,0.0,1.938886011064395,0.0,0.0,1.4286528502579752,0.0,0.0,0.0,0.9216214609656732
0.9,0.0,0.0,0.0,6.548356800222554,0.0,0.8731142400296737,6.548356800222554,0.0,0.0,0.0,0.8029645207942347
0.9,0.0,0.0,0.496214386195414,0.0,5.334304651600701,0.0,22.205593782244776,0.0,6.450787020540382,0.0,0.7992385286417918
0.925,0.0,0.4474098579699997,0.0,0.0,0.0,0.0,0.2040816896003507,0.0,0.3218211259082454,0.0,0.9222610324862429
0.925,0.4532624649567312,0.6257428719756642,0.0,0.1042904786626107,0.0,0.0,0.2166033018377299,0.0,0.6778881113069697,0.0,0.8354936323854438
0.925,0.0,0.3624726406915189,0.0,1.7464590869682275,0.0,3.0315893585108853,0.5272329319149367,0.0,3.789486698138607,3.5258702321811386,0.8937794547373227
0.925,0.0,7.693936839278563,0.0,4.676706706228146,0.0,0.0,12.270069207738365,0.0,7.241352319321001,0.0,0.8558961911295351
0.925,0.0,0.995333048211261,0.0,0.0,0.8709164171848532,0.0,0.0,0.0,0.0,0.0,0.8011022025584686
0.925,0.0,0.0,0.0,3.8719191266364494,0.0,0.0,9.511453506737366,0.0,8.83807626732233,0.0,0.8768566190245626
0.925,0.0,0.0,0.0,0.0,0.0,0.0,0.0,0.0,0.0,0.0,0.786039425613288
0.925,2.925033632055959,0.0,0.0,1.792762548679459,0.0,0.0,18.96554064655638,0.0,4.151660639047168,0.0943559236147083,0.871715360556165
0.925,0.0,5.0771006918945165,0.0,23.09583059842211,0.0,2.6878768368853323,20.60705574945421,0.0,12.74252722671565,0.0,0.7682652868439879
0.925,0.0,7.034636081266123,0.0,0.0,0.0,0.0,8.689844570975797,0.0,17.48313967255845,0.0,0.6706536051478579
0.925,0.0,0.227477299826161,0.0,0.0,0.0,4.435807346610139,32.642992525054105,0.0,3.298420847479335,0.0,0.826121487459213
0.925,0.0,0.0,0.0,3.3637998692831244,0.0,4.858822033408957,0.0,0.0,0.0,0.0,0.8595226246580455
0.9500000000000001,0.2735764724797901,0.0,0.0,0.0,0.1551627754362989,0.0,0.3838237076582131,0.0,0.2776597034123244,0.0,0.756999965802185
0.9500000000000001,0.0838944351939708,0.4114822297609046,0.0,0.0,0.0,0.0,0.0,0.0,0.0,0.0,0.5996263281319643
0.9500000000000001,0.0,0.0,0.0,0.0,0.0,0.0,0.0,0.0,2.784691224636929,0.0,0.6503134556817807
0.9500000000000001,0.0,1.336502221161761,0.0,0.7196550421640252,0.0,0.0,0.0,0.0,4.986181363565032,7.761993669054844,0.6926939002122696
0.9500000000000001,0.0,3.1693504825236967,0.0,3.223068287312234,0.0,0.0,1.826405362810266,0.0,0.0,0.0,0.6495813437221375
0.9500000000000001,0.0,0.919151095011859,0.0,0.5013551427337413,0.0,0.0,11.28049071150918,0.0,10.779135568775438,0.0,0.6749216206625076
0.9500000000000001,0.0,0.0,0.0,0.0,2.485534272705078,0.0,16.93845578436053,0.0,0.0,0.0,0.7543689764892827
0.9500000000000001,0.0,0.2896471707782843,0.0,2.6068245370045595,0.0,0.0,9.07561135105291,0.0,8.88251323720072,0.0,0.728255502157546
0.9500000000000001,2.000775473321655,4.317462863483572,0.0,6.5288462813654,13.689516396411324,12.74178064589054,0.0,0.0,3.369727112962788,2.4219913624420037,0.7667007536039919
0.9500000000000001,2.5080551246376337,2.299050530917831,0.0,2.1945482340579296,0.0,0.0,36.784808494685294,0.0,12.435773326328269,0.0,0.7121218922267993
0.9500000000000001,0.0,0.0,0.0,0.0,0.0,0.0,15.597440794297656,0.0,0.0,18.0601946039236,0.6833471775309519
0.9500000000000001,0.0,5.096090465674957,0.0,0.0,0.0,0.0,0.0,0.0,12.49755518963144,0.0,0.6767435008733523
0.9750000000000001,0.0,0.1296913252330841,0.0,0.1983514385917757,0.0,0.0,0.7438178947191589,0.0,0.4043317786678505,0.0,0.6639971565357352
0.9750000000000001,0.2074913836148008,0.1959640845250897,0.0,0.1844367854353785,0.0,0.0,0.6570560481135361,0.0,0.7108501105321882,0.0,0.6578361677965343
0.9750000000000001,0.0,8.487821224695868,0.0,2.238546257062646,0.0,0.0,0.0,0.0,0.0,0.0,0.7410251383843576
0.9750000000000001,0.0,0.0,0.0,0.0,0.0,0.0,8.530637596396573,0.0,6.514305073611928,0.0,0.6801452528853709
0.9750000000000001,0.0,0.0,0.0,3.461088496179225,0.458085242141368,0.0,0.0,0.0,0.0,0.0,0.7677923478743813
0.9750000000000001,0.0,0.0,0.0,0.9913944577079412,0.0,0.0,0.0,0.0,1.487091686561912,0.0,0.7568352182932528
0.9750000000000001,0.0,6.088626259913241,2.4536255077262314,0.0,3.63500075218701,0.0,7.45175154198337,0.0,0.6361251316327267,0.0,0.6923734947121396
0.9750000000000001,0.0,3.61373530749126,0.0,0.9509829756555946,0.0,0.0,0.0,0.0,10.080419541949304,0.0,0.7326911868118273
0.9750000000000001,0.0,0.0,0.0,7.918865191598284,6.5330637830685845,0.0,4.850304929853949,0.0,0.0,14.748886419351804,0.7103463929033211
0.9750000000000001,0.0,3.757679029445232,0.0,0.3046766780631269,0.0,0.0,13.304214942089876,0.0,0.0,0.0,0.7206441672448837
0.9750000000000001,13.663681553262316,4.918925359174435,0.0,10.930945242609855,0.0,0.0,18.36398800758456,0.0,10.165779075627166,0.0,0.7774581978423989
0.9750000000000001,0.0,15.964732336582856,0.0,11.163309077460196,0.0,0.0,0.0,0.0,0.0,1.6804981406929322,0.7092561377136692
1.0,0.0,0.0,0.1211704305455472,0.0,0.1773225812861666,0.0,0.0768397852240055,0.0,0.0857059142883138,0.0,0.6593657632027403
1.0,0.0,0.0,0.2702786177262153,0.0,0.0,0.2395651384391453,0.1105685254334517,0.0,0.0767836982176748,0.0,0.7513962781190606
1.0,0.1046712363801194,0.0,0.0,0.0,0.0,0.0,0.4059201605960728,0.0,0.3446491929589297,0.0,0.6842951858258842
1.0,0.0,1.3914231435299058,0.0,0.0,0.0,0.0,6.471735551301888,0.0,1.6502925655819811,0.0,0.7677838264515061
1.0,2.941547717526204,3.480831465739341,0.0,0.9314901105499646,0.0,2.6473929457735834,4.167192599828788,0.0,8.383410994949681,3.284728284570927,0.7193182338454096
1.0,0.0,0.0,0.0,0.0,0.0,5.819378583849282,9.311005734158853,0.0,0.0,0.0,0.7245823428269337
1.0,1.8717940433432652,0.0,0.0,1.960927093026278,3.119656738905442,0.0,0.0,0.0,4.8131846828826825,0.0,0.680413349958925
1.0,14.369632472102612,0.478987749070087,5.268865239770958,7.472208885493357,0.0,0.0,15.231810420428769,0.0,24.71576785201649,8.621779483261568,0.7223461794406095
1.0,6.420751520992244,0.0,0.0,0.0,0.0,0.0,7.022696976085267,0.0,0.0,0.0,0.7588320717204813
1.0,0.0,8.51273953198451,0.0,1.5764332466637982,0.0,0.0,3.257962043105183,0.0,0.0,0.0,0.7386448209277179
1.0,0.0,0.0,0.0,5.166341858792756,0.0,0.0,11.431905389669076,0.0,0.0,0.0,0.6836524270718239
1.0,0.0,0.0,0.0,0.0,0.0,0.0,36.9684367253962,0.0,19.1730712209353,0.0,0.6528426139913172
1.0,0.1280328570600067,0.0,0.0,0.0,0.0,0.0,14.467712847780758,0.0,24.582308555521287,0.0,0.6228825085061392
1.0,0.0,0.0,0.0,0.0,0.0,0.0,5.310295700794876,0.0,0.0,0.0,0.6944129552537467
